Priority,Score,PANCE Yield,System,Subcategory,Condition,Missing Fields
85,15,0,"CV","Congenital Heart Disease","Patent Foramen Ovale","symptoms, treatment, diagnostics, gold_standard_dx, first_line_rx, buzzwords, classic_patient, clinical_pearls, best_initial_test, classic_triad, pathophysiology, etiology, epidemiology, physicalExam, riskFactors, complications, prognosis, differentialDiagnosis, mnemonic"
85,15,0,"CV","Acute Coronary Syndrome","Non-ST-Segment Elevation Myocardial Infarction (NSTEMI)","symptoms, treatment, diagnostics, gold_standard_dx, first_line_rx, buzzwords, classic_patient, clinical_pearls, best_initial_test, classic_triad, pathophysiology, etiology, epidemiology, physicalExam, riskFactors, complications, prognosis, differentialDiagnosis, mnemonic"
85,15,0,"CV","Shock","Cardiogenic Shock","symptoms, treatment, diagnostics, gold_standard_dx, first_line_rx, buzzwords, classic_patient, clinical_pearls, best_initial_test, classic_triad, pathophysiology, etiology, epidemiology, physicalExam, riskFactors, complications, prognosis, differentialDiagnosis, mnemonic"
85,15,0,"CV","Shock","Distributive Shock","symptoms, treatment, diagnostics, gold_standard_dx, first_line_rx, buzzwords, classic_patient, clinical_pearls, best_initial_test, classic_triad, pathophysiology, etiology, epidemiology, physicalExam, riskFactors, complications, prognosis, differentialDiagnosis, mnemonic"
85,15,0,"CV","Shock","Hypovolemic Shock","symptoms, treatment, diagnostics, gold_standard_dx, first_line_rx, buzzwords, classic_patient, clinical_pearls, best_initial_test, classic_triad, pathophysiology, etiology, epidemiology, physicalExam, riskFactors, complications, prognosis, differentialDiagnosis, mnemonic"
85,15,0,"CV","Shock","Obstructive Shock","symptoms, treatment, diagnostics, gold_standard_dx, first_line_rx, buzzwords, classic_patient, clinical_pearls, best_initial_test, classic_triad, pathophysiology, etiology, epidemiology, physicalExam, riskFactors, complications, prognosis, differentialDiagnosis, mnemonic"
85,15,0,"CV","Vascular Disease","Arteriovenous Malformation","symptoms, treatment, diagnostics, gold_standard_dx, first_line_rx, buzzwords, classic_patient, clinical_pearls, best_initial_test, classic_triad, pathophysiology, etiology, epidemiology, physicalExam, riskFactors, complications, prognosis, differentialDiagnosis, mnemonic"
85,15,0,"CV","Vascular Disease","Arterial Embolism","symptoms, treatment, diagnostics, gold_standard_dx, first_line_rx, buzzwords, classic_patient, clinical_pearls, best_initial_test, classic_triad, pathophysiology, etiology, epidemiology, physicalExam, riskFactors, complications, prognosis, differentialDiagnosis, mnemonic"
85,15,0,"CV","Vascular Disease","Phlebitis / Thrombophlebitis","symptoms, treatment, diagnostics, gold_standard_dx, first_line_rx, buzzwords, classic_patient, clinical_pearls, best_initial_test, classic_triad, pathophysiology, etiology, epidemiology, physicalExam, riskFactors, complications, prognosis, differentialDiagnosis, mnemonic"
85,15,0,"DERM","Skin Integrity","Lacerations","symptoms, treatment, diagnostics, gold_standard_dx, first_line_rx, buzzwords, classic_patient, clinical_pearls, best_initial_test, classic_triad, pathophysiology, etiology, epidemiology, physicalExam, riskFactors, complications, prognosis, differentialDiagnosis, mnemonic"
85,15,0,"DERM","Infectious Diseases","Cellulitis","symptoms, treatment, diagnostics, gold_standard_dx, first_line_rx, buzzwords, classic_patient, clinical_pearls, best_initial_test, classic_triad, pathophysiology, etiology, epidemiology, physicalExam, riskFactors, complications, prognosis, differentialDiagnosis, mnemonic"
85,15,0,"DERM","Bites and Stings","Envenomations / Arthropod Bite Reactions","symptoms, treatment, diagnostics, gold_standard_dx, first_line_rx, buzzwords, classic_patient, clinical_pearls, best_initial_test, classic_triad, pathophysiology, etiology, epidemiology, physicalExam, riskFactors, complications, prognosis, differentialDiagnosis, mnemonic"
85,15,0,"ENDO","Thyroid Disorders","Goiter","symptoms, treatment, diagnostics, gold_standard_dx, first_line_rx, buzzwords, classic_patient, clinical_pearls, best_initial_test, classic_triad, pathophysiology, etiology, epidemiology, physicalExam, riskFactors, complications, prognosis, differentialDiagnosis, mnemonic"
85,15,0,"ENDO","Pituitary Disorders","Dwarfism","symptoms, treatment, diagnostics, gold_standard_dx, first_line_rx, buzzwords, classic_patient, clinical_pearls, best_initial_test, classic_triad, pathophysiology, etiology, epidemiology, physicalExam, riskFactors, complications, prognosis, differentialDiagnosis, mnemonic"
85,15,0,"ENDO","Neoplasms","Neoplastic Syndrome (Paraneoplastic)","symptoms, treatment, diagnostics, gold_standard_dx, first_line_rx, buzzwords, classic_patient, clinical_pearls, best_initial_test, classic_triad, pathophysiology, etiology, epidemiology, physicalExam, riskFactors, complications, prognosis, differentialDiagnosis, mnemonic"
85,15,0,"HEENT","Trauma","Blowout Fracture","symptoms, treatment, diagnostics, gold_standard_dx, first_line_rx, buzzwords, classic_patient, clinical_pearls, best_initial_test, classic_triad, pathophysiology, etiology, epidemiology, physicalExam, riskFactors, complications, prognosis, differentialDiagnosis, mnemonic"
85,15,0,"HEENT","Eye - Neuro-ophthalmologic","Nystagmus","symptoms, treatment, diagnostics, gold_standard_dx, first_line_rx, buzzwords, classic_patient, clinical_pearls, best_initial_test, classic_triad, pathophysiology, etiology, epidemiology, physicalExam, riskFactors, complications, prognosis, differentialDiagnosis, mnemonic"
85,15,0,"HEENT","Eye - Lacrimal","Dacryostenosis","symptoms, treatment, diagnostics, gold_standard_dx, first_line_rx, buzzwords, classic_patient, clinical_pearls, best_initial_test, classic_triad, pathophysiology, etiology, epidemiology, physicalExam, riskFactors, complications, prognosis, differentialDiagnosis, mnemonic"
85,15,0,"HEENT","Eye - Vision Abnormalities","Presbyopia","symptoms, treatment, diagnostics, gold_standard_dx, first_line_rx, buzzwords, classic_patient, clinical_pearls, best_initial_test, classic_triad, pathophysiology, etiology, epidemiology, physicalExam, riskFactors, complications, prognosis, differentialDiagnosis, mnemonic"
85,15,0,"HEENT","Ear - Inner","Eustachian Tube Dysfunction","symptoms, treatment, diagnostics, gold_standard_dx, first_line_rx, buzzwords, classic_patient, clinical_pearls, best_initial_test, classic_triad, pathophysiology, etiology, epidemiology, physicalExam, riskFactors, complications, prognosis, differentialDiagnosis, mnemonic"
85,15,0,"HEENT","Ear - Inner","Conductive Hearing Impairment","symptoms, treatment, diagnostics, gold_standard_dx, first_line_rx, buzzwords, classic_patient, clinical_pearls, best_initial_test, classic_triad, pathophysiology, etiology, epidemiology, physicalExam, riskFactors, complications, prognosis, differentialDiagnosis, mnemonic"
85,15,0,"HEENT","Ear - Inner","Sensorineural Hearing Impairment","symptoms, treatment, diagnostics, gold_standard_dx, first_line_rx, buzzwords, classic_patient, clinical_pearls, best_initial_test, classic_triad, pathophysiology, etiology, epidemiology, physicalExam, riskFactors, complications, prognosis, differentialDiagnosis, mnemonic"
85,15,0,"HEENT","Oropharyngeal - Infectious/Inflammatory","Deep Neck Infection","symptoms, treatment, diagnostics, gold_standard_dx, first_line_rx, buzzwords, classic_patient, clinical_pearls, best_initial_test, classic_triad, pathophysiology, etiology, epidemiology, physicalExam, riskFactors, complications, prognosis, differentialDiagnosis, mnemonic"
85,15,0,"HEENT","Oropharyngeal - Infectious/Inflammatory","Dental Caries","symptoms, treatment, diagnostics, gold_standard_dx, first_line_rx, buzzwords, classic_patient, clinical_pearls, best_initial_test, classic_triad, pathophysiology, etiology, epidemiology, physicalExam, riskFactors, complications, prognosis, differentialDiagnosis, mnemonic"
85,15,0,"HEENT","Oropharyngeal - Infectious/Inflammatory","Gingivitis","symptoms, treatment, diagnostics, gold_standard_dx, first_line_rx, buzzwords, classic_patient, clinical_pearls, best_initial_test, classic_triad, pathophysiology, etiology, epidemiology, physicalExam, riskFactors, complications, prognosis, differentialDiagnosis, mnemonic"
85,15,0,"GI","Colorectal Disorders","Constipation","symptoms, treatment, diagnostics, gold_standard_dx, first_line_rx, buzzwords, classic_patient, clinical_pearls, best_initial_test, classic_triad, pathophysiology, etiology, epidemiology, physicalExam, riskFactors, complications, prognosis, differentialDiagnosis, mnemonic"
85,15,0,"GI","Colorectal Disorders","Diarrhea","symptoms, treatment, diagnostics, gold_standard_dx, first_line_rx, buzzwords, classic_patient, clinical_pearls, best_initial_test, classic_triad, pathophysiology, etiology, epidemiology, physicalExam, riskFactors, complications, prognosis, differentialDiagnosis, mnemonic"
85,15,0,"GI","Colorectal Disorders","Rectal Prolapse","symptoms, treatment, diagnostics, gold_standard_dx, first_line_rx, buzzwords, classic_patient, clinical_pearls, best_initial_test, classic_triad, pathophysiology, etiology, epidemiology, physicalExam, riskFactors, complications, prognosis, differentialDiagnosis, mnemonic"
85,15,0,"GI","Hepatic Disorders","Fatty Liver (Non-Alcoholic Fatty Liver Disease)","symptoms, treatment, diagnostics, gold_standard_dx, first_line_rx, buzzwords, classic_patient, clinical_pearls, best_initial_test, classic_triad, pathophysiology, etiology, epidemiology, physicalExam, riskFactors, complications, prognosis, differentialDiagnosis, mnemonic"
85,15,0,"GI","Gastrointestinal Disorders","Gastrointestinal Bleeding","symptoms, treatment, diagnostics, gold_standard_dx, first_line_rx, buzzwords, classic_patient, clinical_pearls, best_initial_test, classic_triad, pathophysiology, etiology, epidemiology, physicalExam, riskFactors, complications, prognosis, differentialDiagnosis, mnemonic"
85,15,0,"GI","Nutrition","Food Allergies","symptoms, treatment, diagnostics, gold_standard_dx, first_line_rx, buzzwords, classic_patient, clinical_pearls, best_initial_test, classic_triad, pathophysiology, etiology, epidemiology, physicalExam, riskFactors, complications, prognosis, differentialDiagnosis, mnemonic"
85,15,0,"GI","Nutrition","Food Sensitivities","symptoms, treatment, diagnostics, gold_standard_dx, first_line_rx, buzzwords, classic_patient, clinical_pearls, best_initial_test, classic_triad, pathophysiology, etiology, epidemiology, physicalExam, riskFactors, complications, prognosis, differentialDiagnosis, mnemonic"
85,15,0,"GI","Nutrition","Obesity","symptoms, treatment, diagnostics, gold_standard_dx, first_line_rx, buzzwords, classic_patient, clinical_pearls, best_initial_test, classic_triad, pathophysiology, etiology, epidemiology, physicalExam, riskFactors, complications, prognosis, differentialDiagnosis, mnemonic"
85,15,0,"GU","Neoplasms","Prostate Cancer","symptoms, treatment, diagnostics, gold_standard_dx, first_line_rx, buzzwords, classic_patient, clinical_pearls, best_initial_test, classic_triad, pathophysiology, etiology, epidemiology, physicalExam, riskFactors, complications, prognosis, differentialDiagnosis, mnemonic"
85,15,0,"GU","Bladder Disorders","Overactive Bladder","symptoms, treatment, diagnostics, gold_standard_dx, first_line_rx, buzzwords, classic_patient, clinical_pearls, best_initial_test, classic_triad, pathophysiology, etiology, epidemiology, physicalExam, riskFactors, complications, prognosis, differentialDiagnosis, mnemonic"
85,15,0,"GU","Congenital/Structural Renal Disorders","Hydronephrosis","symptoms, treatment, diagnostics, gold_standard_dx, first_line_rx, buzzwords, classic_patient, clinical_pearls, best_initial_test, classic_triad, pathophysiology, etiology, epidemiology, physicalExam, riskFactors, complications, prognosis, differentialDiagnosis, mnemonic"
85,15,0,"HEME","Cytopenias","Leukopenia","symptoms, treatment, diagnostics, gold_standard_dx, first_line_rx, buzzwords, classic_patient, clinical_pearls, best_initial_test, classic_triad, pathophysiology, etiology, epidemiology, physicalExam, riskFactors, complications, prognosis, differentialDiagnosis, mnemonic"
85,15,0,"HEME","Cytoses","Thrombocytosis (Reactive/Secondary)","symptoms, treatment, diagnostics, gold_standard_dx, first_line_rx, buzzwords, classic_patient, clinical_pearls, best_initial_test, classic_triad, pathophysiology, etiology, epidemiology, physicalExam, riskFactors, complications, prognosis, differentialDiagnosis, mnemonic"
85,15,0,"ID","Bacterial Diseases","Methicillin-Resistant Staphylococcus Aureus (MRSA) Infection","symptoms, treatment, diagnostics, gold_standard_dx, first_line_rx, buzzwords, classic_patient, clinical_pearls, best_initial_test, classic_triad, pathophysiology, etiology, epidemiology, physicalExam, riskFactors, complications, prognosis, differentialDiagnosis, mnemonic"
85,15,0,"ID","Viral Diseases","Polio (Poliomyelitis)","symptoms, treatment, diagnostics, gold_standard_dx, first_line_rx, buzzwords, classic_patient, clinical_pearls, best_initial_test, classic_triad, pathophysiology, etiology, epidemiology, physicalExam, riskFactors, complications, prognosis, differentialDiagnosis, mnemonic"
85,15,0,"MSK","Chest/Rib Disorders","Chest Wall Deformities","symptoms, treatment, diagnostics, gold_standard_dx, first_line_rx, buzzwords, classic_patient, clinical_pearls, best_initial_test, classic_triad, pathophysiology, etiology, epidemiology, physicalExam, riskFactors, complications, prognosis, differentialDiagnosis, mnemonic"
85,15,0,"MSK","Chest/Rib Disorders","Rib Fractures","symptoms, treatment, diagnostics, gold_standard_dx, first_line_rx, buzzwords, classic_patient, clinical_pearls, best_initial_test, classic_triad, pathophysiology, etiology, epidemiology, physicalExam, riskFactors, complications, prognosis, differentialDiagnosis, mnemonic"
85,15,0,"MSK","Upper Extremity Disorders","Thoracic Outlet Syndrome","symptoms, treatment, diagnostics, gold_standard_dx, first_line_rx, buzzwords, classic_patient, clinical_pearls, best_initial_test, classic_triad, pathophysiology, etiology, epidemiology, physicalExam, riskFactors, complications, prognosis, differentialDiagnosis, mnemonic"
85,15,0,"MSK","Spinal Disorders","Spinal Sprain / Strain","symptoms, treatment, diagnostics, gold_standard_dx, first_line_rx, buzzwords, classic_patient, clinical_pearls, best_initial_test, classic_triad, pathophysiology, etiology, epidemiology, physicalExam, riskFactors, complications, prognosis, differentialDiagnosis, mnemonic"
85,15,0,"NEURO","Cerebrovascular Disorders","Cerebral Aneurysm","symptoms, treatment, diagnostics, gold_standard_dx, first_line_rx, buzzwords, classic_patient, clinical_pearls, best_initial_test, classic_triad, pathophysiology, etiology, epidemiology, physicalExam, riskFactors, complications, prognosis, differentialDiagnosis, mnemonic"
85,15,0,"NEURO","Cerebrovascular Disorders","Coma","symptoms, treatment, diagnostics, gold_standard_dx, first_line_rx, buzzwords, classic_patient, clinical_pearls, best_initial_test, classic_triad, pathophysiology, etiology, epidemiology, physicalExam, riskFactors, complications, prognosis, differentialDiagnosis, mnemonic"
85,15,0,"NEURO","Trauma","Postconcussion Syndrome","symptoms, treatment, diagnostics, gold_standard_dx, first_line_rx, buzzwords, classic_patient, clinical_pearls, best_initial_test, classic_triad, pathophysiology, etiology, epidemiology, physicalExam, riskFactors, complications, prognosis, differentialDiagnosis, mnemonic"
85,15,0,"NEURO","Movement Disorders","Tardive Dyskinesia","symptoms, treatment, diagnostics, gold_standard_dx, first_line_rx, buzzwords, classic_patient, clinical_pearls, best_initial_test, classic_triad, pathophysiology, etiology, epidemiology, physicalExam, riskFactors, complications, prognosis, differentialDiagnosis, mnemonic"
85,15,0,"NEURO","Cognitive Disorders","Cognitive Impairment (Mild Cognitive Impairment)","symptoms, treatment, diagnostics, gold_standard_dx, first_line_rx, buzzwords, classic_patient, clinical_pearls, best_initial_test, classic_triad, pathophysiology, etiology, epidemiology, physicalExam, riskFactors, complications, prognosis, differentialDiagnosis, mnemonic"
85,15,0,"NEURO","Trauma","Spinal Cord Injury (Traumatic)","symptoms, treatment, diagnostics, gold_standard_dx, first_line_rx, buzzwords, classic_patient, clinical_pearls, best_initial_test, classic_triad, pathophysiology, etiology, epidemiology, physicalExam, riskFactors, complications, prognosis, differentialDiagnosis, mnemonic"
85,15,0,"PSYCH","Dissociative Disorders","Dissociative Disorders","symptoms, treatment, diagnostics, gold_standard_dx, first_line_rx, buzzwords, classic_patient, clinical_pearls, best_initial_test, classic_triad, pathophysiology, etiology, epidemiology, physicalExam, riskFactors, complications, prognosis, differentialDiagnosis, mnemonic"
85,15,0,"PSYCH","Abuse and Neglect","Intimate Partner Violence","symptoms, treatment, diagnostics, gold_standard_dx, first_line_rx, buzzwords, classic_patient, clinical_pearls, best_initial_test, classic_triad, pathophysiology, etiology, epidemiology, physicalExam, riskFactors, complications, prognosis, differentialDiagnosis, mnemonic"
85,15,0,"PSYCH","Abuse and Neglect","Elder Abuse","symptoms, treatment, diagnostics, gold_standard_dx, first_line_rx, buzzwords, classic_patient, clinical_pearls, best_initial_test, classic_triad, pathophysiology, etiology, epidemiology, physicalExam, riskFactors, complications, prognosis, differentialDiagnosis, mnemonic"
85,15,0,"PSYCH","Adjustment Disorders","Bereavement","symptoms, treatment, diagnostics, gold_standard_dx, first_line_rx, buzzwords, classic_patient, clinical_pearls, best_initial_test, classic_triad, pathophysiology, etiology, epidemiology, physicalExam, riskFactors, complications, prognosis, differentialDiagnosis, mnemonic"
85,15,0,"PULM","Infectious Disorders","Acute Bronchitis","symptoms, treatment, diagnostics, gold_standard_dx, first_line_rx, buzzwords, classic_patient, clinical_pearls, best_initial_test, classic_triad, pathophysiology, etiology, epidemiology, physicalExam, riskFactors, complications, prognosis, differentialDiagnosis, mnemonic"
85,15,0,"PULM","Pulmonary Circulation","Pulmonary Edema","symptoms, treatment, diagnostics, gold_standard_dx, first_line_rx, buzzwords, classic_patient, clinical_pearls, best_initial_test, classic_triad, pathophysiology, etiology, epidemiology, physicalExam, riskFactors, complications, prognosis, differentialDiagnosis, mnemonic"
85,15,0,"PULM","Restrictive Pulmonary Diseases","Pneumoconiosis (Coal Worker's Pneumoconiosis)","symptoms, treatment, diagnostics, gold_standard_dx, first_line_rx, buzzwords, classic_patient, clinical_pearls, best_initial_test, classic_triad, pathophysiology, etiology, epidemiology, physicalExam, riskFactors, complications, prognosis, differentialDiagnosis, mnemonic"
85,15,0,"RENAL","Fluid and Electrolyte Imbalances","Hypervolemia (Fluid Overload)","symptoms, treatment, diagnostics, gold_standard_dx, first_line_rx, buzzwords, classic_patient, clinical_pearls, best_initial_test, classic_triad, pathophysiology, etiology, epidemiology, physicalExam, riskFactors, complications, prognosis, differentialDiagnosis, mnemonic"
85,15,0,"RENAL","Fluid and Electrolyte Imbalances","Hypovolemia (Fluid Deficit)","symptoms, treatment, diagnostics, gold_standard_dx, first_line_rx, buzzwords, classic_patient, clinical_pearls, best_initial_test, classic_triad, pathophysiology, etiology, epidemiology, physicalExam, riskFactors, complications, prognosis, differentialDiagnosis, mnemonic"
85,15,0,"REPRO","Pregnancy","Breech Presentation","symptoms, treatment, diagnostics, gold_standard_dx, first_line_rx, buzzwords, classic_patient, clinical_pearls, best_initial_test, classic_triad, pathophysiology, etiology, epidemiology, physicalExam, riskFactors, complications, prognosis, differentialDiagnosis, mnemonic"
85,15,0,"REPRO","Pregnancy","Fetal Distress","symptoms, treatment, diagnostics, gold_standard_dx, first_line_rx, buzzwords, classic_patient, clinical_pearls, best_initial_test, classic_triad, pathophysiology, etiology, epidemiology, physicalExam, riskFactors, complications, prognosis, differentialDiagnosis, mnemonic"
85,15,0,"REPRO","Pregnancy","Rh Incompatibility (Maternal Alloimmunization)","symptoms, treatment, diagnostics, gold_standard_dx, first_line_rx, buzzwords, classic_patient, clinical_pearls, best_initial_test, classic_triad, pathophysiology, etiology, epidemiology, physicalExam, riskFactors, complications, prognosis, differentialDiagnosis, mnemonic"
35,65,0,"CV","Conduction Disorders / Dysrhythmias","Right Bundle Branch Block (RBBB)","gold_standard_dx, first_line_rx, classic_patient, clinical_pearls, best_initial_test, classic_triad, pathophysiology, etiology, epidemiology, physicalExam, complications, prognosis, differentialDiagnosis, mnemonic"
35,65,0,"DERM","Uncategorized","Herpes Simplex Virus (HSV)","gold_standard_dx, first_line_rx, classic_patient, clinical_pearls, best_initial_test, classic_triad, pathophysiology, etiology, epidemiology, physicalExam, complications, prognosis, differentialDiagnosis, mnemonic"
35,65,0,"MSK","Uncategorized","Osgood-Schlatter Disease","gold_standard_dx, first_line_rx, classic_patient, clinical_pearls, best_initial_test, classic_triad, pathophysiology, etiology, epidemiology, physicalExam, complications, prognosis, differentialDiagnosis, mnemonic"
35,65,0,"NEURO","Cerebrovascular Disorders","Hemorrhagic Stroke","gold_standard_dx, first_line_rx, classic_patient, clinical_pearls, best_initial_test, classic_triad, pathophysiology, etiology, epidemiology, physicalExam, complications, prognosis, differentialDiagnosis, mnemonic"
35,65,0,"DERM","Uncategorized","Herpetic Whitlow","gold_standard_dx, first_line_rx, classic_patient, clinical_pearls, best_initial_test, classic_triad, pathophysiology, etiology, epidemiology, physicalExam, complications, prognosis, differentialDiagnosis, mnemonic"
35,65,0,"CV","Conduction Disorders / Dysrhythmias","Brugada Syndrome","gold_standard_dx, first_line_rx, classic_patient, clinical_pearls, best_initial_test, classic_triad, pathophysiology, etiology, epidemiology, physicalExam, complications, prognosis, differentialDiagnosis, mnemonic"
35,65,0,"CV","Conduction Disorders / Dysrhythmias","Trifascicular Block","gold_standard_dx, first_line_rx, classic_patient, clinical_pearls, best_initial_test, classic_triad, pathophysiology, etiology, epidemiology, physicalExam, complications, prognosis, differentialDiagnosis, mnemonic"
35,65,0,"CV","Conduction Disorders / Dysrhythmias","Bifascicular Block","gold_standard_dx, first_line_rx, classic_patient, clinical_pearls, best_initial_test, classic_triad, pathophysiology, etiology, epidemiology, physicalExam, complications, prognosis, differentialDiagnosis, mnemonic"
35,65,0,"CV","Conduction Disorders / Dysrhythmias","Left Bundle Branch Block (LBBB)","gold_standard_dx, first_line_rx, classic_patient, clinical_pearls, best_initial_test, classic_triad, pathophysiology, etiology, epidemiology, physicalExam, complications, prognosis, differentialDiagnosis, mnemonic"
35,65,0,"DERM","Uncategorized","Dependent Rubor","gold_standard_dx, first_line_rx, classic_patient, clinical_pearls, best_initial_test, classic_triad, pathophysiology, etiology, epidemiology, physicalExam, complications, prognosis, differentialDiagnosis, mnemonic"
35,65,0,"GI","Uncategorized","Cecal Volvulus","gold_standard_dx, first_line_rx, classic_patient, clinical_pearls, best_initial_test, classic_triad, pathophysiology, etiology, epidemiology, physicalExam, complications, prognosis, differentialDiagnosis, mnemonic"
35,65,0,"GI","Uncategorized","Pneumoperitoneum","gold_standard_dx, first_line_rx, classic_patient, clinical_pearls, best_initial_test, classic_triad, pathophysiology, etiology, epidemiology, physicalExam, complications, prognosis, differentialDiagnosis, mnemonic"
35,65,0,"HEENT","Uncategorized","Otitis Media","gold_standard_dx, first_line_rx, classic_patient, clinical_pearls, best_initial_test, classic_triad, pathophysiology, etiology, epidemiology, physicalExam, complications, prognosis, differentialDiagnosis, mnemonic"
35,65,0,"DERM","Uncategorized","Beaus Lines","gold_standard_dx, first_line_rx, classic_patient, clinical_pearls, best_initial_test, classic_triad, pathophysiology, etiology, epidemiology, physicalExam, complications, prognosis, differentialDiagnosis, mnemonic"
35,65,0,"DERM","Uncategorized","Mongolian Spot","gold_standard_dx, first_line_rx, classic_patient, clinical_pearls, best_initial_test, classic_triad, pathophysiology, etiology, epidemiology, physicalExam, complications, prognosis, differentialDiagnosis, mnemonic"
35,65,0,"DERM","Uncategorized","Raynauds Phenomenon","gold_standard_dx, first_line_rx, classic_patient, clinical_pearls, best_initial_test, classic_triad, pathophysiology, etiology, epidemiology, physicalExam, complications, prognosis, differentialDiagnosis, mnemonic"
35,65,0,"DERM","Uncategorized","Port Wine Stain","gold_standard_dx, first_line_rx, classic_patient, clinical_pearls, best_initial_test, classic_triad, pathophysiology, etiology, epidemiology, physicalExam, complications, prognosis, differentialDiagnosis, mnemonic"
35,65,0,"PULM","Infectious Disorders","Pneumocystis Pneumonia (PCP)","gold_standard_dx, first_line_rx, classic_patient, clinical_pearls, best_initial_test, classic_triad, pathophysiology, etiology, epidemiology, physicalExam, complications, prognosis, differentialDiagnosis, mnemonic"
35,65,0,"MSK","Uncategorized","Prepatellar Bursitis","gold_standard_dx, first_line_rx, classic_patient, clinical_pearls, best_initial_test, classic_triad, pathophysiology, etiology, epidemiology, physicalExam, complications, prognosis, differentialDiagnosis, mnemonic"
35,65,0,"HEENT","Uncategorized","Black Hairy Tongue","gold_standard_dx, first_line_rx, classic_patient, clinical_pearls, best_initial_test, classic_triad, pathophysiology, etiology, epidemiology, physicalExam, complications, prognosis, differentialDiagnosis, mnemonic"
35,65,0,"HEENT","Uncategorized","Subconjunctival Hemorrhage","gold_standard_dx, first_line_rx, classic_patient, clinical_pearls, best_initial_test, classic_triad, pathophysiology, etiology, epidemiology, physicalExam, complications, prognosis, differentialDiagnosis, mnemonic"
35,65,0,"HEENT","Uncategorized","Geographic Tongue","gold_standard_dx, first_line_rx, classic_patient, clinical_pearls, best_initial_test, classic_triad, pathophysiology, etiology, epidemiology, physicalExam, complications, prognosis, differentialDiagnosis, mnemonic"
35,65,0,"HEENT","Uncategorized","Corneal Abrasion","gold_standard_dx, first_line_rx, classic_patient, clinical_pearls, best_initial_test, classic_triad, pathophysiology, etiology, epidemiology, physicalExam, complications, prognosis, differentialDiagnosis, mnemonic"
35,65,0,"HEENT","Uncategorized","Hypopyon","gold_standard_dx, first_line_rx, classic_patient, clinical_pearls, best_initial_test, classic_triad, pathophysiology, etiology, epidemiology, physicalExam, complications, prognosis, differentialDiagnosis, mnemonic"
35,65,0,"HEENT","Uncategorized","Septal Hematoma","gold_standard_dx, first_line_rx, classic_patient, clinical_pearls, best_initial_test, classic_triad, pathophysiology, etiology, epidemiology, physicalExam, complications, prognosis, differentialDiagnosis, mnemonic"
35,65,0,"MSK","Uncategorized","Bakers Cyst","gold_standard_dx, first_line_rx, classic_patient, clinical_pearls, best_initial_test, classic_triad, pathophysiology, etiology, epidemiology, physicalExam, complications, prognosis, differentialDiagnosis, mnemonic"
35,65,0,"CV","Conduction Disorders / Dysrhythmias","Left Anterior Fascicular Block (LAFB)","gold_standard_dx, first_line_rx, classic_patient, clinical_pearls, best_initial_test, classic_triad, pathophysiology, etiology, epidemiology, physicalExam, complications, prognosis, differentialDiagnosis, mnemonic"
35,65,0,"HEENT","Uncategorized","Torus Palatinus","gold_standard_dx, first_line_rx, classic_patient, clinical_pearls, best_initial_test, classic_triad, pathophysiology, etiology, epidemiology, physicalExam, complications, prognosis, differentialDiagnosis, mnemonic"
35,65,0,"HEENT","Uncategorized","Oral Hairy Leukoplakia","gold_standard_dx, first_line_rx, classic_patient, clinical_pearls, best_initial_test, classic_triad, pathophysiology, etiology, epidemiology, physicalExam, complications, prognosis, differentialDiagnosis, mnemonic"
35,65,0,"HEENT","Uncategorized","Tetracycline Staining","gold_standard_dx, first_line_rx, classic_patient, clinical_pearls, best_initial_test, classic_triad, pathophysiology, etiology, epidemiology, physicalExam, complications, prognosis, differentialDiagnosis, mnemonic"
35,65,0,"GI","Uncategorized","Toxic Megacolon","gold_standard_dx, first_line_rx, classic_patient, clinical_pearls, best_initial_test, classic_triad, pathophysiology, etiology, epidemiology, physicalExam, complications, prognosis, differentialDiagnosis, mnemonic"
35,65,0,"MSK","Uncategorized","Dupuytrens Contracture","gold_standard_dx, first_line_rx, classic_patient, clinical_pearls, best_initial_test, classic_triad, pathophysiology, etiology, epidemiology, physicalExam, complications, prognosis, differentialDiagnosis, mnemonic"
35,65,0,"MSK","Uncategorized","Tripod (Zygoma) Fracture","gold_standard_dx, first_line_rx, classic_patient, clinical_pearls, best_initial_test, classic_triad, pathophysiology, etiology, epidemiology, physicalExam, complications, prognosis, differentialDiagnosis, mnemonic"
35,65,0,"MSK","Uncategorized","Trigger Finger","gold_standard_dx, first_line_rx, classic_patient, clinical_pearls, best_initial_test, classic_triad, pathophysiology, etiology, epidemiology, physicalExam, complications, prognosis, differentialDiagnosis, mnemonic"
35,65,0,"GI","Esophagus","Zenkers Diverticulum","gold_standard_dx, first_line_rx, classic_patient, clinical_pearls, best_initial_test, classic_triad, pathophysiology, etiology, epidemiology, physicalExam, complications, prognosis, differentialDiagnosis, mnemonic"
35,65,0,"HEENT","Anxiety Disorders","Perforated Tympanic Membrane","gold_standard_dx, first_line_rx, classic_patient, clinical_pearls, best_initial_test, classic_triad, pathophysiology, etiology, epidemiology, physicalExam, complications, prognosis, differentialDiagnosis, mnemonic"
35,65,0,"MSK","Uncategorized","Clubfoot (Talipes Equinovarus)","gold_standard_dx, first_line_rx, classic_patient, clinical_pearls, best_initial_test, classic_triad, pathophysiology, etiology, epidemiology, physicalExam, complications, prognosis, differentialDiagnosis, mnemonic"
35,65,0,"DERM","Uncategorized","Peau dOrange","gold_standard_dx, first_line_rx, classic_patient, clinical_pearls, best_initial_test, classic_triad, pathophysiology, etiology, epidemiology, physicalExam, complications, prognosis, differentialDiagnosis, mnemonic"
35,65,0,"MSK","Uncategorized","Fetal Alcohol Syndrome","gold_standard_dx, first_line_rx, classic_patient, clinical_pearls, best_initial_test, classic_triad, pathophysiology, etiology, epidemiology, physicalExam, complications, prognosis, differentialDiagnosis, mnemonic"
35,65,0,"CV","Uncategorized","Short QT Syndrome","gold_standard_dx, first_line_rx, classic_patient, clinical_pearls, best_initial_test, classic_triad, pathophysiology, etiology, epidemiology, physicalExam, complications, prognosis, differentialDiagnosis, mnemonic"
35,65,0,"CV","Conduction Disorders / Dysrhythmias","Left Posterior Fascicular Block (LPFB)","gold_standard_dx, first_line_rx, classic_patient, clinical_pearls, best_initial_test, classic_triad, pathophysiology, etiology, epidemiology, physicalExam, complications, prognosis, differentialDiagnosis, mnemonic"
35,65,0,"HEENT","Uncategorized","Hollenhorst Plaque","gold_standard_dx, first_line_rx, classic_patient, clinical_pearls, best_initial_test, classic_triad, pathophysiology, etiology, epidemiology, physicalExam, complications, prognosis, differentialDiagnosis, mnemonic"
35,65,0,"HEENT","Uncategorized","Leukocoria","gold_standard_dx, first_line_rx, classic_patient, clinical_pearls, best_initial_test, classic_triad, pathophysiology, etiology, epidemiology, physicalExam, complications, prognosis, differentialDiagnosis, mnemonic"
35,65,0,"ENDO","Uncategorized","Pellagra","gold_standard_dx, first_line_rx, classic_patient, clinical_pearls, best_initial_test, classic_triad, pathophysiology, etiology, epidemiology, physicalExam, complications, prognosis, differentialDiagnosis, mnemonic"
35,65,0,"HEENT","Uncategorized","Ranula","gold_standard_dx, first_line_rx, classic_patient, clinical_pearls, best_initial_test, classic_triad, pathophysiology, etiology, epidemiology, physicalExam, complications, prognosis, differentialDiagnosis, mnemonic"
35,65,0,"GI","Biliary Disorders","Porcelain Gallbladder","gold_standard_dx, first_line_rx, classic_patient, clinical_pearls, best_initial_test, classic_triad, pathophysiology, etiology, epidemiology, physicalExam, complications, prognosis, differentialDiagnosis, mnemonic"
35,65,0,"MSK","Uncategorized","Genu Varum (Bowlegs)","gold_standard_dx, first_line_rx, classic_patient, clinical_pearls, best_initial_test, classic_triad, pathophysiology, etiology, epidemiology, physicalExam, complications, prognosis, differentialDiagnosis, mnemonic"
35,65,0,"PULM","Uncategorized","Primary Tuberculosis (Ghon Complex)","gold_standard_dx, first_line_rx, classic_patient, clinical_pearls, best_initial_test, classic_triad, pathophysiology, etiology, epidemiology, physicalExam, complications, prognosis, differentialDiagnosis, mnemonic"
35,65,0,"GI","Uncategorized","Metastatic GI Cancer","gold_standard_dx, first_line_rx, classic_patient, clinical_pearls, best_initial_test, classic_triad, pathophysiology, etiology, epidemiology, physicalExam, complications, prognosis, differentialDiagnosis, mnemonic"
35,65,0,"MSK","Uncategorized","Genu Valgum (Knock Knees)","gold_standard_dx, first_line_rx, classic_patient, clinical_pearls, best_initial_test, classic_triad, pathophysiology, etiology, epidemiology, physicalExam, complications, prognosis, differentialDiagnosis, mnemonic"
35,65,0,"MSK","Uncategorized","Olecranon Bursitis","gold_standard_dx, first_line_rx, classic_patient, clinical_pearls, best_initial_test, classic_triad, pathophysiology, etiology, epidemiology, physicalExam, complications, prognosis, differentialDiagnosis, mnemonic"
35,65,0,"HEENT","Uncategorized","Gingival Hyperplasia","gold_standard_dx, first_line_rx, classic_patient, clinical_pearls, best_initial_test, classic_triad, pathophysiology, etiology, epidemiology, physicalExam, complications, prognosis, differentialDiagnosis, mnemonic"
35,65,0,"PSYCH","Uncategorized","Methamphetamine Use Disorder","gold_standard_dx, first_line_rx, classic_patient, clinical_pearls, best_initial_test, classic_triad, pathophysiology, etiology, epidemiology, physicalExam, complications, prognosis, differentialDiagnosis, mnemonic"
35,65,0,"ENDO","Uncategorized","Bitot Spots (Vitamin A Deficiency)","gold_standard_dx, first_line_rx, classic_patient, clinical_pearls, best_initial_test, classic_triad, pathophysiology, etiology, epidemiology, physicalExam, complications, prognosis, differentialDiagnosis, mnemonic"
35,65,0,"HEME","Uncategorized","Neuroblastoma","gold_standard_dx, first_line_rx, classic_patient, clinical_pearls, best_initial_test, classic_triad, pathophysiology, etiology, epidemiology, physicalExam, complications, prognosis, differentialDiagnosis, mnemonic"
35,65,0,"HEENT","Uncategorized","Benign Paroxysmal Positional Vertigo (BPPV)","gold_standard_dx, first_line_rx, classic_patient, clinical_pearls, best_initial_test, classic_triad, pathophysiology, etiology, epidemiology, physicalExam, complications, prognosis, differentialDiagnosis, mnemonic"
35,65,0,"HEENT","Uncategorized","Auricular Hematoma (Cauliflower Ear)","gold_standard_dx, first_line_rx, classic_patient, clinical_pearls, best_initial_test, classic_triad, pathophysiology, etiology, epidemiology, physicalExam, complications, prognosis, differentialDiagnosis, mnemonic"
35,65,0,"DERM","Uncategorized","Strawberry Hemangioma","gold_standard_dx, first_line_rx, classic_patient, clinical_pearls, best_initial_test, classic_triad, pathophysiology, etiology, epidemiology, physicalExam, complications, prognosis, differentialDiagnosis, mnemonic"
35,65,0,"MSK","Uncategorized","Pseudogout (CPPD)","gold_standard_dx, first_line_rx, classic_patient, clinical_pearls, best_initial_test, classic_triad, pathophysiology, etiology, epidemiology, physicalExam, complications, prognosis, differentialDiagnosis, mnemonic"
35,65,0,"GI","Uncategorized","Esophageal Foreign Body Ingestion","gold_standard_dx, first_line_rx, classic_patient, clinical_pearls, best_initial_test, classic_triad, pathophysiology, etiology, epidemiology, physicalExam, complications, prognosis, differentialDiagnosis, mnemonic"
35,65,0,"MSK","Uncategorized","Salter-Harris Fractures","gold_standard_dx, first_line_rx, classic_patient, clinical_pearls, best_initial_test, classic_triad, pathophysiology, etiology, epidemiology, physicalExam, complications, prognosis, differentialDiagnosis, mnemonic"
35,65,0,"REPRO","Uncategorized","Caput Succedaneum","gold_standard_dx, first_line_rx, classic_patient, clinical_pearls, best_initial_test, classic_triad, pathophysiology, etiology, epidemiology, physicalExam, complications, prognosis, differentialDiagnosis, mnemonic"
35,65,0,"NEURO","Uncategorized","CN III Palsy","gold_standard_dx, first_line_rx, classic_patient, clinical_pearls, best_initial_test, classic_triad, pathophysiology, etiology, epidemiology, physicalExam, complications, prognosis, differentialDiagnosis, mnemonic"
35,65,0,"CV","Congenital Heart Disease","Transposition of the Great Arteries","gold_standard_dx, first_line_rx, classic_patient, clinical_pearls, best_initial_test, classic_triad, pathophysiology, etiology, epidemiology, physicalExam, complications, prognosis, differentialDiagnosis, mnemonic"
25,75,0,"MSK","Uncategorized","Monteggia Fracture","classic_patient, clinical_pearls, classic_triad, etiology, epidemiology, physicalExam, complications, prognosis, differentialDiagnosis, mnemonic"
22,78,0,"HEENT","Uncategorized","Entropion","classic_patient, classic_triad, etiology, epidemiology, physicalExam, complications, prognosis, differentialDiagnosis, mnemonic"
22,78,0,"CV","Uncategorized","Pericardial Effusion","classic_patient, classic_triad, etiology, epidemiology, physicalExam, complications, prognosis, differentialDiagnosis, mnemonic"
22,78,0,"DERM","Infectious Diseases","Breast Abscess","classic_patient, classic_triad, etiology, epidemiology, physicalExam, complications, prognosis, differentialDiagnosis, mnemonic"
22,78,0,"MSK","Uncategorized","Scaphoid Fracture","classic_patient, classic_triad, etiology, epidemiology, physicalExam, complications, prognosis, differentialDiagnosis, mnemonic"
22,78,0,"HEENT","Uncategorized","Dacryocystitis","classic_patient, classic_triad, etiology, epidemiology, physicalExam, complications, prognosis, differentialDiagnosis, mnemonic"
22,78,0,"DERM","Uncategorized","Felon","classic_patient, classic_triad, etiology, epidemiology, physicalExam, complications, prognosis, differentialDiagnosis, mnemonic"
22,78,0,"DERM","Uncategorized","Infectious Tenosynovitis","classic_patient, classic_triad, etiology, epidemiology, physicalExam, complications, prognosis, differentialDiagnosis, mnemonic"
22,78,0,"ENDO","Uncategorized","Congenital Hypothyroidism","classic_patient, classic_triad, etiology, epidemiology, physicalExam, complications, prognosis, differentialDiagnosis, mnemonic"
22,78,0,"ID","Uncategorized","Babesiosis","classic_patient, classic_triad, etiology, epidemiology, physicalExam, complications, prognosis, differentialDiagnosis, mnemonic"
22,78,0,"MSK","Uncategorized","Galeazzi Fracture","classic_patient, classic_triad, etiology, epidemiology, physicalExam, complications, prognosis, differentialDiagnosis, mnemonic"
22,78,0,"HEENT","Uncategorized","Hordeolum (Stye)","classic_patient, classic_triad, etiology, epidemiology, physicalExam, complications, prognosis, differentialDiagnosis, mnemonic"
22,78,0,"HEENT","Uncategorized","Ectropion","classic_patient, classic_triad, etiology, epidemiology, physicalExam, complications, prognosis, differentialDiagnosis, mnemonic"
22,78,0,"HEENT","Uncategorized","Leukoplakia","classic_patient, classic_triad, etiology, epidemiology, physicalExam, complications, prognosis, differentialDiagnosis, mnemonic"
22,78,0,"GU","Uncategorized","Inguinal Hernia","classic_patient, classic_triad, etiology, epidemiology, physicalExam, complications, prognosis, differentialDiagnosis, mnemonic"
22,78,0,"GI","Esophagus","Mallory-Weiss Tear","classic_patient, classic_triad, etiology, epidemiology, physicalExam, complications, prognosis, differentialDiagnosis, mnemonic"
22,78,0,"HEME","Uncategorized","Wilms Tumor","classic_patient, classic_triad, etiology, epidemiology, physicalExam, complications, prognosis, differentialDiagnosis, mnemonic"
22,78,0,"NEURO","Uncategorized","Myasthenia Gravis","classic_patient, classic_triad, etiology, epidemiology, physicalExam, complications, prognosis, differentialDiagnosis, mnemonic"
22,78,0,"HEENT","Uncategorized","Diabetic Retinopathy","classic_patient, classic_triad, etiology, epidemiology, physicalExam, complications, prognosis, differentialDiagnosis, mnemonic"
22,78,0,"HEENT","Uncategorized","Chalazion","classic_patient, classic_triad, etiology, epidemiology, physicalExam, complications, prognosis, differentialDiagnosis, mnemonic"
22,78,0,"MSK","Uncategorized","Smith Fracture","classic_patient, classic_triad, etiology, epidemiology, physicalExam, complications, prognosis, differentialDiagnosis, mnemonic"
22,78,0,"MSK","Uncategorized","Torticollis","classic_patient, classic_triad, etiology, epidemiology, physicalExam, complications, prognosis, differentialDiagnosis, mnemonic"
22,78,0,"HEENT","Uncategorized","Papilledema","classic_patient, classic_triad, etiology, epidemiology, physicalExam, complications, prognosis, differentialDiagnosis, mnemonic"
22,78,0,"DERM","Uncategorized","Neurofibromatosis","classic_patient, classic_triad, etiology, epidemiology, physicalExam, complications, prognosis, differentialDiagnosis, mnemonic"
22,78,0,"DERM","Uncategorized","Dermatitis Herpetiformis","classic_patient, classic_triad, etiology, epidemiology, physicalExam, complications, prognosis, differentialDiagnosis, mnemonic"
22,78,0,"NEURO","Uncategorized","Tetanus","classic_patient, classic_triad, etiology, epidemiology, physicalExam, complications, prognosis, differentialDiagnosis, mnemonic"
22,78,0,"REPRO","Uncategorized","Placental Abruption","classic_patient, classic_triad, etiology, epidemiology, physicalExam, complications, prognosis, differentialDiagnosis, mnemonic"
22,78,0,"MSK","Uncategorized","Turner Syndrome","classic_patient, classic_triad, etiology, epidemiology, physicalExam, complications, prognosis, differentialDiagnosis, mnemonic"
10,90,0,"CV","ECG","Right Atrial Enlargement (RAE)","classic_triad, etiology, epidemiology, mnemonic"
10,90,0,"CV","Acute Coronary Syndrome","Anterior STEMI","classic_triad, etiology, epidemiology, mnemonic"
10,90,0,"CV","Acute Coronary Syndrome","Hypocalcemia (ECG)","classic_triad, etiology, epidemiology, mnemonic"
10,90,0,"CV","ECG","Asystole","classic_triad, etiology, epidemiology, mnemonic"
10,90,0,"CV","ECG","Junctional Rhythm","classic_triad, etiology, epidemiology, mnemonic"
10,90,0,"CV","ECG","Pulmonary Embolism (ECG)","classic_triad, etiology, epidemiology, mnemonic"
10,90,0,"CV","Acute Coronary Syndrome","Hypothermia (Osborn/J Waves)","classic_triad, etiology, epidemiology, mnemonic"
10,90,0,"CV","Acute Coronary Syndrome","Hypokalemia (ECG)","classic_triad, etiology, epidemiology, mnemonic"
10,90,0,"CV","ECG","Wellens Syndrome","classic_triad, etiology, epidemiology, mnemonic"
10,90,0,"CV","Acute Coronary Syndrome","Sinus Arrhythmia","classic_triad, etiology, epidemiology, mnemonic"
10,90,0,"CV","ECG","Pericarditis (ECG pattern)","classic_triad, etiology, epidemiology, mnemonic"
10,90,0,"CV","ECG","Left Ventricular Hypertrophy (LVH)","classic_triad, etiology, epidemiology, mnemonic"
10,90,0,"CV","Acute Coronary Syndrome","Hyperkalemia (ECG)","classic_triad, etiology, epidemiology, mnemonic"
10,90,0,"CV","ECG","Digoxin Effect (ECG)","classic_triad, etiology, epidemiology, mnemonic"
10,90,0,"CV","ECG","Pericardial Effusion (Low Voltage/Electrical Alternans)","classic_triad, etiology, epidemiology, mnemonic"
10,90,0,"CV","ECG","Early Repolarization","classic_triad, etiology, epidemiology, mnemonic"
10,90,0,"CV","Acute Coronary Syndrome","ST Depression (Ischemia)","classic_triad, etiology, epidemiology, mnemonic"
10,90,0,"CV","ECG","De Winter T Waves","classic_triad, etiology, epidemiology, mnemonic"
10,90,0,"CV","Conduction Disorders / Dysrhythmias","Supraventricular Tachycardia (SVT)","classic_triad, etiology, epidemiology, mnemonic"
10,90,0,"CV","ECG","Wandering Atrial Pacemaker","classic_triad, etiology, epidemiology, mnemonic"
10,90,0,"CV","ECG","Digoxin Toxicity (ECG)","classic_triad, etiology, epidemiology, mnemonic"
10,90,0,"CV","ECG","Accelerated Idioventricular Rhythm (AIVR)","classic_triad, etiology, epidemiology, mnemonic"
10,90,0,"CV","ECG","Left Atrial Enlargement (LAE)","classic_triad, etiology, epidemiology, mnemonic"
10,90,0,"CV","ECG","Pulseless Electrical Activity (PEA)","classic_triad, etiology, epidemiology, mnemonic"
10,90,0,"CV","Acute Coronary Syndrome","Posterior STEMI","classic_triad, etiology, epidemiology, mnemonic"
10,90,0,"CV","Acute Coronary Syndrome","Lateral STEMI","classic_triad, etiology, epidemiology, mnemonic"
10,90,0,"CV","ECG","Right Ventricular Hypertrophy (RVH)","classic_triad, etiology, epidemiology, mnemonic"
10,90,0,"CV","Acute Coronary Syndrome","Hypercalcemia (ECG)","classic_triad, etiology, epidemiology, mnemonic"
10,90,0,"CV","Acute Coronary Syndrome","Inferior STEMI","classic_triad, etiology, epidemiology, mnemonic"
10,90,0,"CV","ECG","Idioventricular Rhythm","classic_triad, etiology, epidemiology, mnemonic"
6,98,3,"CV","Cardiomyopathy","Stress Cardiomyopathy","classic_triad"
6,98,3,"MSK","Uncategorized","Boxer Fracture","classic_triad"
6,98,3,"ID","Uncategorized","Long COVID","classic_triad"
6,98,3,"ID","Uncategorized","Mpox","classic_triad"
6,98,3,"GI","Uncategorized","Cannabinoid Hyperemesis Syndrome","classic_triad"
6,98,3,"PULM","Uncategorized","Bronchiolitis","classic_triad"
6,98,3,"PULM","Uncategorized","EVALI","classic_triad"
4,98,2,"PSYCH","Substance Use - Opioids","Kratom Use Disorder","classic_triad"
4,98,2,"PSYCH","Uncategorized","Gender Dysphoria","classic_triad"
4,98,2,"CV","Uncategorized","Mass Casualty Triage","classic_triad"
4,98,2,"CV","Conduction Disorders / Dysrhythmias","Multifocal Atrial Tachycardia","classic_triad"
4,98,2,"PSYCH","Substance Use - Stimulants","Synthetic Cathinone Toxicity","classic_triad"
0,100,3,"DERM","Uncategorized","Tinea Corporis (Ringworm)",""
0,100,3,"MSK","Uncategorized","Achilles Tendon Rupture",""
0,100,3,"MSK","Uncategorized","Spondylolisthesis",""
0,100,3,"PSYCH","Uncategorized","Cannabis Use Disorder",""
0,100,3,"GU","Uncategorized","Testicular Torsion",""
0,100,3,"HEENT","Obstructive Pulmonary Diseases","Obstructive Sleep Apnea (ENT Perspective)",""
0,100,0,"MSK","Uncategorized","Avascular Necrosis AVN",""
0,100,3,"PSYCH","Uncategorized","Catatonia",""
0,100,3,"GU","Uncategorized","Torsion of Appendix Testis",""
0,100,3,"PULM","Infectious Disorders","Hospital-Acquired Pneumonia",""
0,100,3,"HEENT","Uncategorized","Diabetic Retinopathy – Nonproliferative",""
0,100,3,"GU","Uncategorized","Ureteral Stone",""
0,100,3,"PSYCH","Uncategorized","Intellectual Disability (Intellectual Developmental Disorder)",""
0,100,3,"HEENT","Hypertension","Hypertensive Retinopathy",""
0,100,3,"HEENT","Uncategorized","Keratitis",""
0,100,3,"HEENT","Uncategorized","Malignant (Necrotizing) Otitis Externa",""
0,100,3,"HEME","Uncategorized","Monoclonal Gammopathy of Undetermined Significance (MGUS)",""
0,100,3,"HEENT","Uncategorized","Noise-Induced Hearing Loss",""
0,100,3,"MSK","Uncategorized","Ankle Fracture (Bimalleolar/Trimalleolar)",""
0,100,3,"HEME","Uncategorized","Acute Chest Syndrome (Sickle Cell Disease)",""
0,100,3,"PSYCH","Uncategorized","Narcissistic Personality Disorder",""
0,100,3,"MSK","Uncategorized","Anterior Cruciate Ligament (ACL) Tear",""
0,100,3,"MSK","Uncategorized","Carpal Tunnel Syndrome",""
0,100,2,"MSK","Uncategorized","Microscopic Polyangiitis",""
0,100,3,"MSK","Uncategorized","Hip Dislocation",""
0,100,3,"PSYCH","Uncategorized","Obsessive-Compulsive Disorder (OCD)",""
0,100,3,"DERM","Uncategorized","Acne Vulgaris",""
0,100,3,"MSK","Uncategorized","Kyphosis",""
0,100,3,"MSK","Uncategorized","Lumbar Radiculopathy (Herniated Disc)",""
0,100,3,"PSYCH","Uncategorized","Obsessive-Compulsive Personality Disorder",""
0,100,3,"PSYCH","Uncategorized","Opioid Use Disorder",""
0,100,3,"ID","Uncategorized","Meningococcemia",""
0,100,3,"MSK","Uncategorized","Mechanical Low Back Pain",""
0,100,3,"HEME","Uncategorized","Chronic Lymphocytic Leukemia (CLL)",""
0,100,3,"RENAL","Uncategorized","Hyponatremia (Renal Causes)",""
0,100,3,"MSK","Uncategorized","Patellar Fracture",""
0,100,3,"RENAL","Uncategorized","Minimal Change Disease",""
0,100,3,"CV","Uncategorized","Cardiac Tamponade",""
0,100,2,"PSYCH","Uncategorized","Pyromania",""
0,100,3,"PSYCH","Uncategorized","Sedative-Hypnotic or Anxiolytic Use Disorder",""
0,100,3,"MSK","Valvular Disorders","Spinal Stenosis",""
0,100,3,"HEME","Uncategorized","Hemochromatosis",""
0,100,3,"PSYCH","Uncategorized","Stimulant Use Disorder (Cocaine, Amphetamines)",""
0,100,3,"CV","Acute Coronary Syndrome","Mitral Valve Prolapse",""
0,100,3,"HEME","Uncategorized","Microangiopathic Hemolytic Anemia",""
0,100,3,"PSYCH","Uncategorized","Substance-Induced Psychotic Disorder",""
0,100,3,"HEME","Uncategorized","Secondary Polycythemia",""
0,100,3,"PSYCH","Uncategorized","Trichotillomania (Hair-Pulling Disorder)",""
0,100,3,"HEME","Uncategorized","Transfusion Reactions",""
0,100,3,"ID","Uncategorized","Shigella",""
0,100,3,"ENDO","Uncategorized","Hypercalcemia",""
0,100,3,"CV","Vascular Disease","Venous Ulceration",""
0,100,3,"ID","Uncategorized","Campylobacter",""
0,100,3,"ID","Uncategorized","CMV Retinitis",""
0,100,3,"NEURO","Uncategorized","Brain Abscess",""
0,100,3,"MSK","Uncategorized","Patellar Tendinopathy (Jumper Knee)",""
0,100,3,"ID","Uncategorized","Erysipelas",""
0,100,3,"MSK","Uncategorized","Avascular Necrosis of the Femoral Head",""
0,100,3,"PULM","Uncategorized","Asbestosis",""
0,100,3,"ID","Uncategorized","Giardiasis",""
0,100,0,"ID","Uncategorized","Herpes Zoster Shingles Varicella",""
0,100,3,"DERM","Uncategorized","Pressure Ulcers",""
0,100,3,"PULM","Uncategorized","Carcinoid Tumor",""
0,100,3,"PULM","Uncategorized","Granulomatosis with Polyangiitis (GPA) / Wegener's",""
0,100,3,"ID","Uncategorized","Acute Otitis Media (AOM)",""
0,100,3,"PULM","Uncategorized","Idiopathic Pulmonary Fibrosis",""
0,100,3,"NEURO","Seizure Disorders","Focal (Partial) Seizure",""
0,100,3,"PULM","Uncategorized","Pneumothorax",""
0,100,3,"PULM","Uncategorized","Smoke Inhalation Injury",""
0,100,3,"CV","Hypertension","Hypertensive Crisis (Emergency and Urgency)",""
0,100,3,"ID","Infectious Diseases","Impetigo",""
0,100,3,"CV","Acute Coronary Syndrome","STEMI",""
0,100,3,"ID","Uncategorized","Measles",""
0,100,3,"DERM","Uncategorized","Angioedema",""
0,100,3,"HEME","Uncategorized","Hemolytic Disease of the Newborn (HDN)",""
0,100,3,"RENAL","Uncategorized","Acute Interstitial Nephritis",""
0,100,3,"DERM","Uncategorized","Verruca Vulgaris (Warts)",""
0,100,0,"CV","Vascular Disease","Deep Vein Thrombosis DVT",""
0,100,3,"ID","Uncategorized","Mycobacterium avium complex (MAC)",""
0,100,3,"CV","Uncategorized","Drowning / Near Drowning",""
0,100,3,"NEURO","Headaches","Post-Lumbar Puncture Headache (Post-LP Headache)",""
0,100,3,"CV","Conduction Disorders / Dysrhythmias","Sinus Bradycardia",""
0,100,3,"GU","Uncategorized","Urethral Stricture",""
0,100,3,"MSK","Uncategorized","Plantar Fasciitis",""
0,100,3,"NEURO","Uncategorized","Spinal Epidural Abscess",""
0,100,3,"ID","Uncategorized","Pertussis",""
0,100,3,"NEURO","Uncategorized","Temporal (Giant Cell) Arteritis – Neurologic Manifestations",""
0,100,2,"PSYCH","Depressive Disorders","Disruptive Mood Dysregulation Disorder (DMDD)",""
0,100,3,"CV","Acute Coronary Syndrome","Hypothermia",""
0,100,3,"GU","Uncategorized","Chronic Prostatitis",""
0,100,3,"ID","Uncategorized","Roseola",""
0,100,3,"NEURO","Headaches","Tension Headache",""
0,100,3,"HEME","Uncategorized","Vitamin B12 Deficiency Anemia",""
0,100,3,"MSK","Uncategorized","Rotator Cuff Tear",""
0,100,3,"DERM","Uncategorized","Atopic Dermatitis",""
0,100,3,"HEENT","Uncategorized","Congenital Cataract",""
0,100,3,"PSYCH","Uncategorized","Bulimia Nervosa",""
0,100,3,"PSYCH","Anxiety Disorders","Agoraphobia",""
0,100,3,"DERM","Uncategorized","Contact Dermatitis (Irritant/Allergic)",""
0,100,3,"ID","Uncategorized","Sepsis / Septic Shock",""
0,100,3,"ENDO","Uncategorized","Secondary Hyperparathyroidism",""
0,100,0,"CV","Conduction Disorders / Dysrhythmias","Second Degree AV Block Mobitz I Wenckebach",""
0,100,3,"DERM","Uncategorized","Epithelial Inclusion Cyst",""
0,100,3,"CV","Acute Coronary Syndrome","Silent Ischemia",""
0,100,3,"PSYCH","Anxiety Disorders","Generalized Anxiety Disorder",""
0,100,3,"DERM","Uncategorized","Dyshidrotic Eczema (Pompholyx)",""
0,100,3,"ID","Uncategorized","Urinary Tract Infection (UTI) / Pyelonephritis",""
0,100,3,"HEME","Uncategorized","Tumor Lysis Syndrome",""
0,100,0,"RENAL","Uncategorized","Ethylene Glycol Poisoning",""
0,100,3,"HEME","Uncategorized","Transfusion-Associated Circulatory Overload (TACO)",""
0,100,3,"RENAL","Uncategorized","Horseshoe Kidney",""
0,100,3,"DERM","Uncategorized","Pityriasis Rosea",""
0,100,3,"NEURO","Headaches","Migraine Headache",""
0,100,3,"PSYCH","Depressive Disorders","Major Depressive Disorder",""
0,100,0,"CV","Uncategorized","Raynaud's Disease",""
0,100,3,"PSYCH","Anxiety Disorders","Specific Phobia",""
0,100,3,"DERM","Uncategorized","Dermatofibroma",""
0,100,3,"MSK","Uncategorized","Compression Vertebral Fracture",""
0,100,3,"CV","Vascular Disease","Acute Arterial Occlusion",""
0,100,3,"MSK","Uncategorized","Costochondritis",""
0,100,3,"CV","Congenital Heart Disease","Atrial Septal Defect (ASD)",""
0,100,3,"MSK","Uncategorized","Gout",""
0,100,3,"HEENT","Uncategorized","Viral Pharyngitis",""
0,100,3,"MSK","Uncategorized","Henoch-Schönlein Purpura",""
0,100,3,"HEENT","Infectious Diseases","Orbital Cellulitis",""
0,100,3,"PULM","Infectious Disorders","Atypical Pneumonia",""
0,100,3,"DERM","Uncategorized","Tinea Pedis (Athlete's Foot)",""
0,100,3,"DERM","Uncategorized","Seborrheic Keratosis",""
0,100,3,"GI","Colorectal Disorders","Crohn's Disease",""
0,100,3,"MSK","Uncategorized","Jones Fracture",""
0,100,3,"DERM","Uncategorized","Photosensitivity Reactions",""
0,100,3,"REPRO","Uncategorized","Vulvovaginal Candidiasis",""
0,100,3,"CV","Lipid Disorders","Dyslipidemia (Hyperlipidemia)",""
0,100,0,"MSK","Uncategorized","Legg Calve Perthes",""
0,100,3,"MSK","Uncategorized","Paget's Disease of Bone",""
0,100,3,"DERM","Uncategorized","Alopecia Areata",""
0,100,3,"HEENT","Uncategorized","Chronic Laryngitis",""
0,100,3,"HEENT","Uncategorized","Blunt Ocular Trauma / Globe Injury",""
0,100,3,"HEENT","Uncategorized","Group A Streptococcal Pharyngitis",""
0,100,0,"RENAL","Uncategorized","Hyperkalemia Electrolyte-Volume",""
0,100,3,"HEME","Uncategorized","Febrile Non-Hemolytic Transfusion Reaction",""
0,100,3,"MSK","Uncategorized","Patellar Dislocation",""
0,100,3,"RENAL","Uncategorized","Lupus Nephritis",""
0,100,3,"RENAL","Infectious Diseases","Renal Abscess",""
0,100,3,"CV","Conduction Disorders / Dysrhythmias","AV Nodal Re-entry Tachycardia (AVNRT)",""
0,100,3,"HEENT","Uncategorized","Sialolithiasis",""
0,100,3,"MSK","Uncategorized","Psoriatic Arthritis",""
0,100,3,"REPRO","Hepatic Disorders","Cesarean Delivery (Indications/Complications)",""
0,100,3,"ID","Uncategorized","Aspergillosis",""
0,100,3,"RENAL","Uncategorized","Membranous Nephropathy",""
0,100,3,"REPRO","Hypertension","Chronic Hypertension in Pregnancy",""
0,100,3,"DERM","Uncategorized","Melasma",""
0,100,3,"MSK","Uncategorized","Reactive Arthritis (Reiter Syndrome)",""
0,100,3,"REPRO","Uncategorized","Gynecomastia",""
0,100,3,"ID","Uncategorized","Coronavirus Infections",""
0,100,3,"DERM","Uncategorized","Kaposi Sarcoma",""
0,100,3,"MSK","Uncategorized","Rheumatoid Arthritis",""
0,100,3,"DERM","Uncategorized","Erythema Nodosum",""
0,100,3,"PSYCH","Depressive Disorders","Non-Suicidal Self-Injury",""
0,100,3,"MSK","Uncategorized","Spondylolysis",""
0,100,3,"CV","Conduction Disorders / Dysrhythmias","Third-Degree AV Block",""
0,100,3,"DERM","Uncategorized","Basal Cell Carcinoma",""
0,100,3,"ENDO","Lipid Disorders","Hyperlipidemia",""
0,100,3,"PSYCH","Anxiety Disorders","Social Anxiety Disorder (Social Phobia)",""
0,100,3,"NEURO","Uncategorized","Bell's Palsy (Idiopathic Facial Nerve Palsy)",""
0,100,3,"NEURO","Uncategorized","Cervical Spondylotic Myelopathy",""
0,100,3,"NEURO","Uncategorized","Chronic Inflammatory Demyelinating Polyneuropathy (CIDP)",""
0,100,3,"ENDO","Uncategorized","Hypogonadism (Male)",""
0,100,3,"NEURO","Uncategorized","Concussion (Mild Traumatic Brain Injury)",""
0,100,3,"HEENT","Uncategorized","Age-Related Macular Degeneration – Dry",""
0,100,3,"NEURO","Uncategorized","Conus Medullaris Syndrome",""
0,100,3,"NEURO","Uncategorized","Idiopathic Intracranial Hypertension (Pseudotumor Cerebri)",""
0,100,3,"MSK","Uncategorized","Systemic Lupus Erythematosus – MSK Manifestations",""
0,100,3,"RENAL","Uncategorized","Minimal Change Disease (Pediatric Predominant)",""
0,100,3,"NEURO","Uncategorized","Acute Disseminated Encephalomyelitis (ADEM)",""
0,100,3,"RENAL","Uncategorized","Nephritic Syndrome",""
0,100,3,"GI","Uncategorized","Vitamin Deficiencies",""
0,100,3,"ENDO","Uncategorized","Hypogonadism (Female)",""
0,100,3,"NEURO","Cerebrovascular Disorders","Ischemic Stroke",""
0,100,3,"NEURO","Uncategorized","Neural Tube Defects (Spina Bifida, Anencephaly)",""
0,100,3,"RENAL","Obstructive Pulmonary Diseases","Obstructive Uropathy",""
0,100,3,"CV","Hypertension","Essential Hypertension",""
0,100,3,"CV","Uncategorized","Torsades de Pointes",""
0,100,2,"PSYCH","Uncategorized","Cyclothymic Disorder",""
0,100,3,"NEURO","Uncategorized","Parkinson's Disease",""
0,100,3,"CV","Conduction Disorders / Dysrhythmias","Sinus Tachycardia",""
0,100,3,"NEURO","Cerebrovascular Disorders","Transient Ischemic Attack (TIA)",""
0,100,3,"DERM","Uncategorized","Seborrheic Dermatitis",""
0,100,3,"PSYCH","Uncategorized","Serotonin Syndrome (Psychiatric Perspective)",""
0,100,3,"CV","Conduction Disorders / Dysrhythmias","Atrial Fibrillation",""
0,100,3,"ENDO","Uncategorized","Acromegaly",""
0,100,3,"NEURO","Uncategorized","Trigeminal Neuralgia",""
0,100,3,"PSYCH","Uncategorized","Acute Stress Disorder",""
0,100,3,"HEENT","Uncategorized","Corneal Foreign Body",""
0,100,3,"PSYCH","Uncategorized","ADHD",""
0,100,3,"PSYCH","Uncategorized","Adjustment Disorders",""
0,100,3,"HEENT","Uncategorized","Acute Bacterial Sialadenitis",""
0,100,2,"ENDO","Uncategorized","Angelman Syndrome",""
0,100,3,"GI","Biliary Disorders","Cholangitis",""
0,100,3,"PSYCH","Uncategorized","Alcohol Use Disorder",""
0,100,3,"CV","Heart Failure","Biventricular Heart Failure",""
0,100,3,"PSYCH","Uncategorized","Attention-Deficit/Hyperactivity Disorder (ADHD)",""
0,100,3,"HEENT","Uncategorized","Amblyopia",""
0,100,3,"PSYCH","Uncategorized","Barbiturate Intoxication",""
0,100,3,"PSYCH","Uncategorized","Body Dysmorphic Disorder",""
0,100,3,"ENDO","Uncategorized","Ehlers-Danlos Syndrome",""
0,100,2,"RENAL","Uncategorized","Oncocytoma",""
0,100,3,"HEENT","Uncategorized","Erythroplakia",""
0,100,3,"HEENT","Uncategorized","Temporomandibular Joint Disorder (TMJ)",""
0,100,2,"RENAL","Uncategorized","Xanthogranulomatous Pyelonephritis",""
0,100,3,"RENAL","Uncategorized","Papillary Necrosis",""
0,100,3,"DERM","Uncategorized","Simple Exanthematous Drug Eruption",""
0,100,3,"HEENT","Uncategorized","Otosclerosis",""
0,100,3,"HEME","Uncategorized","Disseminated Intravascular Coagulation (DIC)",""
0,100,2,"RENAL","Uncategorized","Renal Tubular Acidosis Type II (Proximal)",""
0,100,3,"HEENT","Uncategorized","Cataract",""
0,100,3,"HEENT","Uncategorized","Central Retinal Artery Occlusion (CRAO)",""
0,100,3,"CV","Uncategorized","Pulmonary Embolism (PE)",""
0,100,3,"RENAL","Uncategorized","Wilms Tumor (Nephroblastoma)",""
0,100,3,"GI","Uncategorized","Esophageal Stricture",""
0,100,3,"REPRO","Uncategorized","Atrophic Vaginitis / Genitourinary Syndrome of Menopause (GSM)",""
0,100,3,"CV","Uncategorized","Rheumatic Fever and Rheumatic Heart Disease",""
0,100,3,"ID","Uncategorized","Rheumatic Fever",""
0,100,3,"MSK","Uncategorized","Trochanteric Bursitis",""
0,100,3,"REPRO","Uncategorized","Cervical Cancer",""
0,100,3,"ID","Uncategorized","Norovirus",""
0,100,3,"CV","Cardiomyopathy","Restrictive Cardiomyopathy",""
0,100,3,"REPRO","Uncategorized","Functional Ovarian Cysts",""
0,100,3,"CV","Uncategorized","Myocarditis",""
0,100,3,"REPRO","Uncategorized","Gestational Trophoblastic Neoplasia",""
0,100,3,"CV","Vascular Disease","Chronic Arterial Occlusive Disease",""
0,100,3,"REPRO","Uncategorized","Human Papillomavirus (HPV) – Genital Warts",""
0,100,3,"HEENT","Uncategorized","Episcleritis",""
0,100,3,"GI","Uncategorized","Wilson Disease",""
0,100,3,"REPRO","Uncategorized","Menopause",""
0,100,3,"CV","Vascular Disease","Peripheral Arterial Disease (PAD)",""
0,100,3,"GI","Esophageal","Barrett's Esophagus",""
0,100,3,"REPRO","Uncategorized","Missed Abortion",""
0,100,3,"GI","Uncategorized","Electrolyte Abnormalities",""
0,100,3,"ENDO","Uncategorized","Hypoparathyroidism",""
0,100,3,"ENDO","Uncategorized","Hypopituitarism",""
0,100,3,"CV","Uncategorized","Superior Vena Cava Syndrome",""
0,100,3,"GI","Uncategorized","Ventral / Incisional Hernia",""
0,100,3,"REPRO","Uncategorized","Multiple Gestation (Twin Pregnancy)",""
0,100,3,"REPRO","Uncategorized","Oligomenorrhea",""
0,100,3,"CV","Valvular Disorders","Pulmonic Stenosis",""
0,100,3,"GI","Uncategorized","Appendicitis",""
0,100,3,"REPRO","Hepatic Disorders","Operative Vaginal Delivery (Forceps/Vacuum)",""
0,100,3,"HEENT","Uncategorized","Amaurosis Fugax",""
0,100,3,"ENDO","Uncategorized","Fatigue",""
0,100,3,"HEENT","Uncategorized","Central Retinal Vein Occlusion (CRVO)",""
0,100,3,"GI","Uncategorized","Vitamin B3 (Niacin) Deficiency (Pellagra)",""
0,100,3,"REPRO","Uncategorized","Postpartum Blues",""
0,100,3,"HEENT","Uncategorized","Tinnitus",""
0,100,3,"DERM","Uncategorized","Congenital Nevus",""
0,100,3,"REPRO","Infectious Diseases","Postpartum Mastitis / Breast Abscess",""
0,100,3,"GI","Uncategorized","Sigmoid Volvulus",""
0,100,3,"REPRO","Uncategorized","Postpartum Psychosis",""
0,100,3,"MSK","Uncategorized","Trigger Finger (Stenosing Tenosynovitis)",""
0,100,3,"DERM","Uncategorized","Tinea Versicolor",""
0,100,3,"CV","Hypertension","Secondary Hypertension",""
0,100,3,"REPRO","Uncategorized","Premenstrual Syndrome (PMS)",""
0,100,3,"CV","Conduction Disorders / Dysrhythmias","Long QT Syndrome",""
0,100,3,"REPRO","Valvular Disorders","Umbilical Cord Prolapse",""
0,100,3,"GI","Hepatic Disorders","Hepatitis B",""
0,100,3,"GI","Uncategorized","Peptic Ulcer Disease",""
0,100,3,"CV","Uncategorized","Constrictive Pericarditis",""
0,100,3,"GI","Uncategorized","Insulinoma",""
0,100,3,"DERM","Uncategorized","Toxic Epidermal Necrolysis (TEN)",""
0,100,3,"GI","Hepatic Disorders","Cirrhosis",""
0,100,3,"GI","Uncategorized","Carbon Monoxide Poisoning",""
0,100,3,"DERM","Infectious Diseases","Abscess",""
0,100,3,"PSYCH","Uncategorized","Cannabis Withdrawal",""
0,100,3,"DERM","Uncategorized","Condyloma Acuminatum (Genital Warts)",""
0,100,3,"CV","Vascular Disease","Aortic Dissection",""
0,100,3,"CV","Uncategorized","Snake Bites",""
0,100,3,"GI","Uncategorized","Gastroesophageal Reflux Disease (GERD)",""
0,100,3,"HEENT","Uncategorized","Viral Rhinitis (Common Cold)",""
0,100,3,"ID","Uncategorized","Ebola Virus",""
0,100,3,"GI","Uncategorized","Achalasia",""
0,100,3,"GI","Uncategorized","Boerhaave Syndrome",""
0,100,3,"ENDO","Uncategorized","Sturge-Weber Syndrome",""
0,100,3,"GI","Uncategorized","Colic",""
0,100,3,"HEENT","Uncategorized","Chronic Sialadenitis",""
0,100,3,"GI","Uncategorized","Esophagitis",""
0,100,3,"MSK","Uncategorized","Septic Arthritis",""
0,100,3,"GI","Uncategorized","Chronic Pancreatitis",""
0,100,3,"GI","Uncategorized","H. Pylori Infection",""
0,100,3,"RENAL","Uncategorized","Renal Tubular Acidosis Type IV (Hyperkalemic)",""
0,100,3,"CV","Vascular Disease","Aortic Aneurysm",""
0,100,3,"GI","Uncategorized","Failure to Thrive",""
0,100,3,"GI","Uncategorized","Gastric Cancer",""
0,100,3,"GI","Uncategorized","GI Malignancy",""
0,100,3,"GI","Uncategorized","Hepatocellular Carcinoma",""
0,100,3,"GI","Uncategorized","Hiatal Hernia",""
0,100,3,"PULM","Uncategorized","Pulmonary Hypertension",""
0,100,3,"GU","Uncategorized","Urethritis (General)",""
0,100,3,"GU","Uncategorized","Balanitis",""
0,100,3,"GU","Uncategorized","Nongonococcal Urethritis (Chlamydia)",""
0,100,3,"GU","Uncategorized","Neurogenic Bladder",""
0,100,3,"GU","Uncategorized","Testicular Cancer",""
0,100,3,"GU","Uncategorized","Orchitis",""
0,100,3,"GU","Uncategorized","Vesicoureteral Reflux",""
0,100,3,"PULM","Uncategorized","Aspirin Exacerbated Respiratory Disease (AERD)",""
0,100,3,"GU","Uncategorized","Interstitial Cystitis",""
0,100,3,"PULM","Obstructive Pulmonary Diseases","Chronic Obstructive Pulmonary Disease (COPD)",""
0,100,3,"GI","Uncategorized","Portal Hypertension",""
0,100,3,"GU","Uncategorized","Stress Incontinence",""
0,100,3,"GU","Uncategorized","Phimosis",""
0,100,3,"CV","Valvular Disorders","Tricuspid Regurgitation",""
0,100,3,"REPRO","Uncategorized","Male Hypogonadism (Reproductive Impact)",""
0,100,2,"DERM","Uncategorized","Solar Purpura",""
0,100,3,"ENDO","Uncategorized","MEN Type 2A / 2B",""
0,100,3,"ENDO","Uncategorized","Noonan Syndrome",""
0,100,3,"ENDO","Uncategorized","Hypocalcemia",""
0,100,3,"DERM","Infectious Diseases","Periorbital Cellulitis (Preseptal Cellulitis)",""
0,100,3,"GU","Uncategorized","Urge Incontinence",""
0,100,3,"DERM","Uncategorized","Acrochordon (Skin Tag)",""
0,100,3,"DERM","Uncategorized","Actinic Keratosis",""
0,100,3,"ENDO","Uncategorized","Diabetic Foot Infection",""
0,100,3,"CV","Uncategorized","Left-Sided Heart Failure",""
0,100,3,"REPRO","Uncategorized","Breast Cancer",""
0,100,3,"DERM","Uncategorized","Burns",""
0,100,3,"GU","Uncategorized","Urethral Injury",""
0,100,3,"GU","Uncategorized","Benign Prostatic Hyperplasia (BPH)",""
0,100,3,"DERM","Uncategorized","Urticaria",""
0,100,3,"GU","Uncategorized","Epididymitis",""
0,100,3,"GU","Uncategorized","Glomerulonephritis",""
0,100,3,"DERM","Uncategorized","Vitiligo",""
0,100,3,"DERM","Uncategorized","Atypical (Dysplastic) Nevus",""
0,100,3,"GU","Uncategorized","Hemorrhagic Cystitis",""
0,100,3,"PSYCH","Uncategorized","Posttraumatic Stress Disorder (PTSD)",""
0,100,3,"DERM","Uncategorized","Erythema Infectiosum (Fifth Disease)",""
0,100,3,"DERM","Uncategorized","Lichenoid Drug Eruption",""
0,100,3,"HEENT","Uncategorized","Foreign Body in External Auditory Canal",""
0,100,3,"DERM","Uncategorized","Erythema Migrans",""
0,100,3,"DERM","Uncategorized","Paronychia",""
0,100,3,"ID","Uncategorized","HIV Infection / AIDS",""
0,100,3,"HEENT","Uncategorized","Allergic Rhinitis",""
0,100,3,"DERM","Uncategorized","Acanthosis Nigricans",""
0,100,3,"DERM","Uncategorized","Erythroderma (Exfoliative Dermatitis)",""
0,100,3,"HEENT","Uncategorized","Corneal Ulcer",""
0,100,3,"HEME","Uncategorized","Lead Poisoning",""
0,100,3,"CV","Acute Coronary Syndrome","Mitral Regurgitation",""
0,100,3,"DERM","Uncategorized","Discoid Lupus Erythematosus",""
0,100,2,"DERM","Uncategorized","Granuloma Annulare",""
0,100,3,"DERM","Uncategorized","Acute Cutaneous Lupus Erythematosus",""
0,100,3,"DERM","Uncategorized","Port-Wine Stain",""
0,100,3,"HEENT","Infectious Diseases","Dental Abscess",""
0,100,3,"HEME","Uncategorized","Asplenia",""
0,100,3,"DERM","Uncategorized","Lipoma",""
0,100,3,"HEENT","Uncategorized","Mastoiditis",""
0,100,3,"HEENT","Uncategorized","Optic Neuritis",""
0,100,3,"DERM","Uncategorized","Molluscum Contagiosum",""
0,100,3,"CV","Congenital Heart Disease","Tetralogy of Fallot",""
0,100,3,"CV","Vascular Disease","Acute Arterial Occlusive Disease",""
0,100,3,"HEENT","Uncategorized","Strabismus",""
0,100,3,"DERM","Uncategorized","Hand-Foot-Mouth Disease (HFMD)",""
0,100,3,"DERM","Uncategorized","Pemphigus Vulgaris",""
0,100,3,"DERM","Uncategorized","Urticarial Drug Eruption",""
0,100,3,"DERM","Uncategorized","Perioral Dermatitis",""
0,100,3,"DERM","Uncategorized","Guttate Psoriasis",""
0,100,3,"DERM","Uncategorized","Strawberry Hemangioma (Infantile Hemangioma)",""
0,100,3,"PULM","Uncategorized","Healed Primary TB",""
0,100,3,"PULM","Uncategorized","Silicosis",""
0,100,3,"DERM","Uncategorized","Post-Inflammatory Hyperpigmentation / Hypopigmentation",""
0,100,3,"RENAL","Obstructive Pulmonary Diseases","Post-Obstructive Diuresis",""
0,100,0,"DERM","Uncategorized","Psoriasis Vulva And Vaginal",""
0,100,3,"DERM","Uncategorized","Rosacea",""
0,100,3,"DERM","Uncategorized","Lichen Simplex Chronicus",""
0,100,3,"CV","Congenital Heart Disease","Ventricular Septal Defect (VSD)",""
0,100,3,"DERM","Uncategorized","Cherry Angioma / Hemangioma",""
0,100,3,"RENAL","Uncategorized","Focal Segmental Glomerulosclerosis (FSGS)",""
0,100,3,"CV","Vascular Disease","Varicose Veins",""
0,100,3,"DERM","Uncategorized","Common Melanocytic Nevus",""
0,100,3,"CV","Vascular Disease","Superficial Venous Thrombosis (SVT)",""
0,100,3,"HEENT","Uncategorized","Epistaxis – Anterior",""
0,100,3,"DERM","Uncategorized","Hidradenitis Suppurativa",""
0,100,3,"HEME","Uncategorized","Hemophilia A",""
0,100,3,"GI","Uncategorized","Ileus",""
0,100,3,"DERM","Uncategorized","Spider Bites (Brown Recluse / Black Widow)",""
0,100,3,"ENDO","Uncategorized","Thyroid Nodule",""
0,100,3,"ENDO","Uncategorized","Precocious Puberty",""
0,100,3,"HEME","Uncategorized","Beta Thalassemia Major (Pediatric)",""
0,100,3,"DERM","Uncategorized","Onychomycosis",""
0,100,3,"HEENT","Uncategorized","Acute Angle-Closure Glaucoma",""
0,100,3,"ENDO","Uncategorized","Syndrome of Inappropriate ADH (SIADH)",""
0,100,3,"ENDO","Uncategorized","Gestational Diabetes",""
0,100,3,"ENDO","Uncategorized","Thyroid Cancer",""
0,100,3,"ENDO","Uncategorized","Adrenal Crisis",""
0,100,3,"HEME","Uncategorized","G6PD Deficiency",""
0,100,3,"PULM","Uncategorized","Cor Pulmonale",""
0,100,2,"ENDO","Uncategorized","Gigantism",""
0,100,3,"ENDO","Uncategorized","Hirsutism",""
0,100,3,"ENDO","Uncategorized","Hypothyroidism (Primary)",""
0,100,3,"GI","Biliary Disorders","Cholelithiasis",""
0,100,3,"ENDO","Uncategorized","Nephrogenic Diabetes Insipidus",""
0,100,3,"ENDO","Uncategorized","Osteomalacia / Vitamin D Deficiency",""
0,100,3,"ENDO","Uncategorized","Osteoporosis (Endocrine Related)",""
0,100,3,"MSK","Uncategorized","Lateral Epicondylitis (Tennis Elbow)",""
0,100,3,"RENAL","Uncategorized","Thrombotic Microangiopathy (HUS/TTP) – Renal Manifestations",""
0,100,3,"HEENT","Uncategorized","Otitis Externa",""
0,100,3,"ENDO","Uncategorized","Postpartum Thyroiditis",""
0,100,3,"ENDO","Uncategorized","Primary Hyperparathyroidism",""
0,100,3,"MSK","Uncategorized","Osteomalacia",""
0,100,3,"MSK","Uncategorized","Chondromalacia Patellae",""
0,100,3,"ENDO","Uncategorized","Adrenal Incidentaloma",""
0,100,3,"RENAL","Uncategorized","Hyperphosphatemia (CKD)",""
0,100,3,"CV","Uncategorized","Sick Sinus Syndrome (SSS)",""
0,100,3,"CV","Uncategorized","Premature Ventricular Contraction (PVC)",""
0,100,3,"ENDO","Uncategorized","Myxedema Coma",""
0,100,3,"DERM","Uncategorized","Erythema Multiforme",""
0,100,3,"ENDO","Uncategorized","Congenital Adrenal Hyperplasia (CAH)",""
0,100,3,"ID","Uncategorized","Mumps",""
0,100,3,"ENDO","Uncategorized","Diabetes Insipidus (Central)",""
0,100,3,"CV","Uncategorized","Pericarditis",""
0,100,3,"PSYCH","Uncategorized","Paranoid Personality Disorder",""
0,100,3,"ENDO","Uncategorized","Edwards Syndrome (Trisomy 18)",""
0,100,3,"ID","Uncategorized","Chlamydia",""
0,100,3,"ENDO","Uncategorized","Fragile X Syndrome",""
0,100,3,"ENDO","Uncategorized","Hashimoto's Thyroiditis",""
0,100,3,"MSK","Uncategorized","Hip Fracture",""
0,100,3,"GI","Uncategorized","Vitamin C Deficiency (Scurvy)",""
0,100,3,"ENDO","Uncategorized","Hyperaldosteronism (Conn Syndrome)",""
0,100,3,"DERM","Uncategorized","Androgenetic Alopecia",""
0,100,3,"ENDO","Uncategorized","Hyperosmolar Hyperglycemic State (HHS)",""
0,100,3,"ID","Infectious Diseases","Abscess (Skin and Soft Tissue)",""
0,100,3,"ID","Uncategorized","Infective Endocarditis",""
0,100,3,"ENDO","Uncategorized","Prolactinoma",""
0,100,3,"ENDO","Uncategorized","Type 1 Diabetes Mellitus",""
0,100,3,"ID","Infectious Diseases","Folliculitis",""
0,100,3,"ENDO","Uncategorized","Thyroid Storm",""
0,100,3,"ENDO","Uncategorized","Delayed Puberty",""
0,100,3,"PULM","Uncategorized","Obesity Hypoventilation Syndrome",""
0,100,3,"DERM","Uncategorized","Scabies",""
0,100,3,"PSYCH","Uncategorized","Delusional Disorder",""
0,100,3,"RENAL","Uncategorized","Acute Pyelonephritis",""
0,100,3,"ENDO","Uncategorized","Turner Syndrome — Endocrine Manifestations",""
0,100,3,"HEENT","Uncategorized","Herpes Simplex Keratitis",""
0,100,3,"ID","Uncategorized","Coccidioidomycosis",""
0,100,3,"PSYCH","Uncategorized","Nicotine Withdrawal",""
0,100,3,"ENDO","Uncategorized","Metabolic Syndrome",""
0,100,3,"REPRO","Uncategorized","Female Infertility – Tubal Factor",""
0,100,3,"ENDO","Uncategorized","Diabetic Neuropathy",""
0,100,3,"ENDO","Uncategorized","Pheochromocytoma",""
0,100,3,"ID","Uncategorized","Candidiasis",""
0,100,0,"HEENT","Uncategorized","Acute Angle Closure Glaucoma",""
0,100,3,"CV","Acute Coronary Syndrome","Mitral Stenosis",""
0,100,3,"HEENT","Uncategorized","Thyroid Eye Disease (Graves' Ophthalmopathy)",""
0,100,3,"MSK","Uncategorized","Acromioclavicular (AC) Joint Separation",""
0,100,3,"HEENT","Uncategorized","Infectious Mononucleosis (Oropharyngeal Manifestations)",""
0,100,3,"GU","Uncategorized","Testicular Trauma",""
0,100,3,"CV","Congenital Heart Disease","Patent Ductus Arteriosus (PDA)",""
0,100,3,"ID","Uncategorized","Hookworm",""
0,100,3,"HEENT","Uncategorized","Salivary Gland Tumors",""
0,100,3,"HEENT","Uncategorized","Hyphema",""
0,100,3,"HEENT","Hypertension","Ocular Hypertension",""
0,100,3,"HEENT","Uncategorized","Oropharyngeal Carcinoma (Including HPV-Associated)",""
0,100,3,"ID","Uncategorized","Hand-Foot-Mouth Disease",""
0,100,3,"HEENT","Uncategorized","Scleritis",""
0,100,3,"CV","Conduction Disorders / Dysrhythmias","Second-Degree AV Block (Mobitz I)",""
0,100,3,"HEENT","Uncategorized","Retinoblastoma",""
0,100,3,"ID","Uncategorized","Malaria",""
0,100,3,"HEENT","Uncategorized","Nonallergic Rhinitis",""
0,100,2,"HEME","Uncategorized","Waldenström Macroglobulinemia",""
0,100,3,"HEENT","Uncategorized","Nasal Polyps",""
0,100,3,"PSYCH","Uncategorized","Tobacco Use Disorder",""
0,100,3,"MSK","Uncategorized","Developmental Dysplasia of the Hip",""
0,100,3,"MSK","Uncategorized","Ulnar Neuropathy at the Elbow (Cubital Tunnel)",""
0,100,3,"ID","Uncategorized","Typhoid Fever",""
0,100,3,"ID","Uncategorized","Varicella (Chickenpox)",""
0,100,3,"MSK","Uncategorized","Transient Synovitis of the Hip",""
0,100,3,"CV","Conduction Disorders / Dysrhythmias","Atrial Flutter",""
0,100,3,"PULM","Obstructive Pulmonary Diseases","COPD Exacerbation",""
0,100,3,"CV","Cardiomyopathy","Hypertrophic Cardiomyopathy",""
0,100,3,"HEENT","Uncategorized","Ludwig’s Angina",""
0,100,3,"HEENT","Uncategorized","Primary Open-Angle Glaucoma",""
0,100,3,"CV","Conduction Disorders / Dysrhythmias","Second-Degree AV Block (Mobitz II)",""
0,100,3,"MSK","Uncategorized","Septic Tenosynovitis",""
0,100,3,"HEENT","Uncategorized","Epistaxis – Posterior",""
0,100,3,"GI","Colorectal Disorders","Ulcerative Colitis",""
0,100,3,"ENDO","Uncategorized","Pituitary Adenoma",""
0,100,3,"HEENT","Uncategorized","Laryngeal Carcinoma",""
0,100,3,"ID","Uncategorized","Bartonella henselae",""
0,100,3,"HEENT","Uncategorized","Acoustic Neuroma (Vestibular Schwannoma)",""
0,100,3,"CV","Uncategorized","Right-Sided Heart Failure",""
0,100,3,"HEENT","Uncategorized","Age-Related Macular Degeneration – Wet",""
0,100,3,"CV","Conduction Disorders / Dysrhythmias","Wolff-Parkinson-White Syndrome",""
0,100,3,"HEENT","Uncategorized","Allergic Conjunctivitis",""
0,100,3,"HEENT","Uncategorized","Nasal Foreign Body",""
0,100,3,"HEME","Uncategorized","Chronic Myelogenous Leukemia (CML)",""
0,100,3,"HEENT","Uncategorized","Oral Candidiasis (Thrush)",""
0,100,3,"ENDO","Uncategorized","Amenorrhea — Endocrine Causes",""
0,100,3,"HEENT","Uncategorized","Rhinitis Medicamentosa",""
0,100,3,"MSK","Uncategorized","Subacromial Bursitis",""
0,100,3,"MSK","Uncategorized","Proximal Humerus Fracture",""
0,100,3,"ID","Uncategorized","Ascariasis",""
0,100,3,"CV","Valvular Disorders","Aortic Stenosis",""
0,100,3,"HEENT","Uncategorized","Acute Bacterial Rhinosinusitis",""
0,100,3,"HEENT","Uncategorized","Aphthous Ulcers",""
0,100,3,"HEENT","Uncategorized","Barotrauma",""
0,100,3,"HEENT","Uncategorized","Vocal Cord Nodules / Polyps",""
0,100,3,"MSK","Uncategorized","Systemic Sclerosis (Scleroderma)",""
0,100,3,"HEENT","Uncategorized","Blepharitis",""
0,100,3,"HEENT","Uncategorized","Cerumen Impaction",""
0,100,3,"ID","Uncategorized","Histoplasmosis",""
0,100,3,"MSK","Uncategorized","Juvenile Idiopathic Arthritis",""
0,100,3,"ID","Uncategorized","Blastomycosis",""
0,100,3,"RENAL","Uncategorized","Chronic Kidney Disease",""
0,100,3,"MSK","Uncategorized","Lyme Arthritis",""
0,100,3,"MSK","Uncategorized","Tibial Shaft Fracture",""
0,100,2,"HEENT","Uncategorized","Dacryoadenitis",""
0,100,3,"PSYCH","Uncategorized","Bipolar I Disorder",""
0,100,3,"PSYCH","Uncategorized","Stimulant Withdrawal",""
0,100,3,"CV","Conduction Disorders / Dysrhythmias","First-Degree AV Block",""
0,100,3,"ENDO","Uncategorized","Cushing's Syndrome",""
0,100,3,"CV","Vascular Disease","Peripheral Venous Disease",""
0,100,3,"HEENT","Uncategorized","Dry Eye Syndrome (Keratoconjunctivitis Sicca)",""
0,100,3,"ID","Uncategorized","Zika Virus",""
0,100,3,"ID","Uncategorized","Toxic Shock Syndrome",""
0,100,3,"PULM","Uncategorized","Non–Small Cell Lung Cancer",""
0,100,3,"ID","Uncategorized","Anthrax",""
0,100,3,"HEENT","Infectious Diseases","Peritonsillar Abscess",""
0,100,3,"CV","Vascular Disease","Giant Cell Arteritis (Temporal Arteritis)",""
0,100,3,"HEENT","Uncategorized","Pterygium",""
0,100,3,"MSK","Uncategorized","Pseudogout (Calcium Pyrophosphate Deposition)",""
0,100,3,"HEENT","Uncategorized","Recurrent Otitis Media",""
0,100,3,"ID","Uncategorized","Meningitis (Bacterial)",""
0,100,3,"MSK","Uncategorized","Sever’s Disease",""
0,100,3,"PSYCH","Uncategorized","Conduct Disorder",""
0,100,2,"ID","Uncategorized","Amebiasis",""
0,100,2,"DERM","Uncategorized","Prurigo Nodularis",""
0,100,3,"ID","Uncategorized","Anaplasmosis",""
0,100,3,"HEENT","Anxiety Disorders","Tympanic Membrane Perforation",""
0,100,3,"HEENT","Uncategorized","Viral Conjunctivitis",""
0,100,3,"HEENT","Uncategorized","Pinguecula",""
0,100,3,"HEENT","Infectious Diseases","Retropharyngeal Abscess",""
0,100,3,"HEENT","Uncategorized","Nasopharyngeal Carcinoma",""
0,100,3,"HEME","Uncategorized","Sickle Cell Pain Crisis (Pediatric)",""
0,100,3,"HEENT","Uncategorized","Diabetic Retinopathy – Proliferative",""
0,100,3,"HEENT","Uncategorized","Laryngopharyngeal Reflux (LPR)",""
0,100,3,"HEENT","Uncategorized","Herpes Labialis",""
0,100,3,"ID","Uncategorized","Diphtheria",""
0,100,3,"HEENT","Uncategorized","Bacterial Conjunctivitis",""
0,100,3,"REPRO","Uncategorized","HELLP Syndrome",""
0,100,3,"HEENT","Uncategorized","Acute Laryngitis",""
0,100,3,"HEENT","Uncategorized","Otitis Media with Effusion (Serous Otitis)",""
0,100,3,"ID","Uncategorized","Syphilis",""
0,100,3,"HEENT","Uncategorized","Acute Otitis Media",""
0,100,3,"HEENT","Uncategorized","Cholesteatoma",""
0,100,3,"ID","Uncategorized","Gonorrhea",""
0,100,3,"HEENT","Uncategorized","Chronic Rhinosinusitis",""
0,100,3,"HEENT","Uncategorized","Labyrinthitis",""
0,100,0,"GI","Colorectal Disorders","Crohn S",""
0,100,3,"ID","Uncategorized","Infectious Mononucleosis (EBV)",""
0,100,3,"HEENT","Uncategorized","Chronic Tonsillitis",""
0,100,3,"GI","Uncategorized","Ischemic Colitis",""
0,100,3,"GI","Uncategorized","Colorectal Cancer",""
0,100,2,"DERM","Uncategorized","Acute Generalized Exanthematous Pustulosis (AGEP)",""
0,100,3,"PSYCH","Anxiety Disorders","Panic Disorder",""
0,100,3,"DERM","Uncategorized","Onychocryptosis",""
0,100,3,"GI","Uncategorized","Gastroparesis",""
0,100,3,"ID","Uncategorized","Latent Tuberculosis",""
0,100,3,"GI","Uncategorized","Pseudomembranous Colitis (C. diff)",""
0,100,3,"GI","Uncategorized","Short Bowel Syndrome",""
0,100,3,"GI","Uncategorized","Vitamin D Deficiency (Rickets)",""
0,100,3,"PSYCH","Depressive Disorders","Depression with Peripartum Onset",""
0,100,3,"HEENT","Uncategorized","Parotitis (Non-Mumps)",""
0,100,3,"CV","Uncategorized","Orthostatic Hypotension",""
0,100,3,"GI","Uncategorized","Anorectal Abscess / Fistula",""
0,100,3,"GI","Uncategorized","Hemorrhoids",""
0,100,3,"ID","Uncategorized","Tinea Infections",""
0,100,3,"GI","Uncategorized","Umbilical Hernia",""
0,100,3,"GI","Uncategorized","Small Bowel Obstruction",""
0,100,3,"GI","Hepatic Disorders","Autoimmune Hepatitis",""
0,100,3,"RENAL","Uncategorized","Polycystic Kidney Disease",""
0,100,3,"ENDO","Uncategorized","MEN Type 1",""
0,100,3,"GI","Biliary Disorders","Cholecystitis",""
0,100,3,"GI","Uncategorized","Acute Mesenteric Ischemia",""
0,100,3,"ID","Uncategorized","Rabies",""
0,100,3,"ENDO","Uncategorized","Subacute Thyroiditis (De Quervain)",""
0,100,3,"CV","Conduction Disorders / Dysrhythmias","Ventricular Tachycardia",""
0,100,3,"GI","Uncategorized","Acute Pancreatitis",""
0,100,3,"GI","Hepatic Disorders","Hepatitis A",""
0,100,3,"DERM","Uncategorized","Plaque Psoriasis",""
0,100,3,"GI","Uncategorized","Celiac Disease",""
0,100,3,"GI","Uncategorized","Choledocholithiasis",""
0,100,3,"ID","Uncategorized","Scabies (Parasitic)",""
0,100,3,"GI","Uncategorized","Diffuse Esophageal Spasm",""
0,100,3,"HEME","Uncategorized","Protein S Deficiency",""
0,100,3,"HEENT","Uncategorized","Oral Cavity Squamous Cell Carcinoma",""
0,100,3,"GI","Uncategorized","Diverticulitis",""
0,100,3,"GI","Uncategorized","Esophageal Varices",""
0,100,3,"RENAL","Uncategorized","Hypophosphatemia (Renal Loss)",""
0,100,3,"GI","Uncategorized","Pancreatic Cancer",""
0,100,3,"ID","Uncategorized","Rotavirus",""
0,100,3,"ENDO","Uncategorized","Growth Hormone Deficiency",""
0,100,3,"GI","Uncategorized","Gastric Outlet Obstruction",""
0,100,3,"GI","Uncategorized","Pyloric Stenosis",""
0,100,3,"GU","Uncategorized","Epididymo-Orchitis",""
0,100,3,"HEENT","Uncategorized","Ménière Disease",""
0,100,3,"GI","Hepatic Disorders","Hepatic Encephalopathy",""
0,100,3,"GI","Uncategorized","Dehydration",""
0,100,3,"DERM","Uncategorized","Drug Reaction with Eosinophilia and Systemic Symptoms (DRESS/DIHS)",""
0,100,3,"GI","Uncategorized","Intussusception",""
0,100,2,"HEENT","Uncategorized","Retinitis Pigmentosa",""
0,100,3,"GI","Uncategorized","Malnutrition",""
0,100,3,"GI","Uncategorized","Refeeding Syndrome",""
0,100,3,"CV","ECG","Premature Atrial Complexes (PACs)",""
0,100,3,"DERM","Uncategorized","Melanoma",""
0,100,3,"GI","Uncategorized","Vitamin A Deficiency",""
0,100,3,"DERM","Uncategorized","Pustular Psoriasis",""
0,100,3,"GI","Uncategorized","Volvulus",""
0,100,3,"HEME","Uncategorized","Transfusion-Related Acute Lung Injury (TRALI)",""
0,100,2,"DERM","Uncategorized","Telangiectasia",""
0,100,3,"GI","Uncategorized","Phenylketonuria (PKU)",""
0,100,3,"GI","Uncategorized","Spontaneous Bacterial Peritonitis",""
0,100,3,"HEENT","Uncategorized","Anterior Uveitis / Iritis",""
0,100,3,"GI","Uncategorized","Trisomy 21",""
0,100,3,"GI","Uncategorized","Vitamin B1 (Thiamine) Deficiency",""
0,100,3,"ID","Uncategorized","Perinatal Group B Streptococcus Infection",""
0,100,3,"GI","Uncategorized","Diverticulosis",""
0,100,3,"GI","Uncategorized","Pilonidal Disease",""
0,100,3,"PULM","Obstructive Pulmonary Diseases","Chronic Bronchitis",""
0,100,3,"GI","Uncategorized","Duodenal Atresia",""
0,100,3,"REPRO","Uncategorized","Labor Dystocia (Failure to Progress)",""
0,100,3,"GI","Uncategorized","Salicylate Toxicity",""
0,100,3,"ENDO","Uncategorized","Thyroid Medullary Carcinoma (MEN-related)",""
0,100,3,"GU","Uncategorized","Spermatocele",""
0,100,3,"GU","Uncategorized","Mixed Incontinence",""
0,100,3,"RENAL","Uncategorized","Acute Kidney Injury",""
0,100,3,"DERM","Uncategorized","Stasis Dermatitis",""
0,100,2,"GU","Uncategorized","Urethral Diverticulum",""
0,100,3,"CV","ECG","Premature Ventricular Complexes (PVCs)",""
0,100,3,"GU","Uncategorized","UTI (Urease Producers)",""
0,100,3,"GU","Uncategorized","Pelvic Floor Dysfunction",""
0,100,3,"PSYCH","Uncategorized","Phencyclidine (PCP) Intoxication",""
0,100,3,"GU","Uncategorized","Fournier Gangrene",""
0,100,3,"GU","Uncategorized","Varicocele",""
0,100,3,"ID","Uncategorized","Ehrlichiosis",""
0,100,3,"DERM","Uncategorized","Subacute Cutaneous Lupus Erythematosus",""
0,100,2,"GU","Uncategorized","Epispadias",""
0,100,3,"GU","Valvular Disorders","Pelvic Organ Prolapse (Cystocele/Rectocele)",""
0,100,3,"PSYCH","Uncategorized","Somatic Symptom Disorder",""
0,100,3,"GU","Uncategorized","Prostatitis (Acute and Chronic)",""
0,100,2,"GU","Uncategorized","Penile Cancer",""
0,100,3,"GU","Uncategorized","Gonococcal Urethritis",""
0,100,3,"MSK","Uncategorized","Polymyalgia Rheumatica",""
0,100,3,"GU","Uncategorized","Acute Prostatitis",""
0,100,3,"GU","Uncategorized","Bladder Cancer",""
0,100,3,"GU","Uncategorized","Bladder Pain Syndrome",""
0,100,3,"MSK","Uncategorized","Stress Fracture (Tibia/Metatarsal)",""
0,100,3,"GU","Uncategorized","Erectile Dysfunction",""
0,100,2,"GU","Uncategorized","Peyronie Disease",""
0,100,3,"ID","Uncategorized","Influenza",""
0,100,3,"CV","Uncategorized","Heat Stroke / Heat Exhaustion",""
0,100,3,"GU","Uncategorized","Cryptorchidism",""
0,100,3,"HEENT","Infectious Diseases","Preseptal (Periorbital) Cellulitis",""
0,100,3,"GU","Uncategorized","Hydrocele",""
0,100,3,"GU","Uncategorized","Urethritis (STI Related)",""
0,100,3,"GU","Uncategorized","Priapism",""
0,100,3,"GU","Uncategorized","Overflow Incontinence",""
0,100,3,"GU","Uncategorized","Bladder Rupture",""
0,100,3,"HEME","Uncategorized","Acute Lymphoblastic Leukemia (ALL)",""
0,100,3,"ID","Uncategorized","Septic Shock",""
0,100,3,"RENAL","Hypertension","Hypertensive Nephrosclerosis",""
0,100,3,"MSK","Uncategorized","Lateral Meniscus Tear",""
0,100,3,"HEME","Uncategorized","Anemia of Chronic Kidney Disease",""
0,100,3,"DERM","Uncategorized","Nummular Dermatitis",""
0,100,3,"GI","Hepatic Disorders","Hepatitis C",""
0,100,3,"HEME","Uncategorized","Burkitt Lymphoma",""
0,100,3,"HEME","Hepatic Disorders","Liver Disease Coagulopathy",""
0,100,3,"RENAL","Uncategorized","Renal Vein Thrombosis",""
0,100,3,"HEME","Uncategorized","Essential Thrombocythemia",""
0,100,3,"HEME","Uncategorized","Physiologic Anemia of Infancy",""
0,100,3,"HEME","Uncategorized","Delayed Hemolytic Transfusion Reaction",""
0,100,3,"HEME","Uncategorized","Hemolytic Uremic Syndrome (HUS)",""
0,100,2,"HEME","Uncategorized","Primary Myelofibrosis",""
0,100,3,"PSYCH","Anxiety Disorders","Illness Anxiety Disorder (Hypochondriasis)",""
0,100,3,"HEME","Uncategorized","Anemia of Chronic Disease",""
0,100,3,"HEME","Uncategorized","Protein C Deficiency",""
0,100,3,"HEME","Uncategorized","Hodgkin Lymphoma",""
0,100,3,"HEME","Uncategorized","Paroxysmal Nocturnal Hemoglobinuria (PNH)",""
0,100,3,"HEME","Uncategorized","Alpha Thalassemia",""
0,100,3,"HEME","Uncategorized","Myelodysplastic Syndromes (MDS)",""
0,100,3,"MSK","Uncategorized","Morton’s Neuroma",""
0,100,3,"CV","Uncategorized","Stable Angina",""
0,100,3,"ENDO","Uncategorized","Hyperthyroidism (Graves' Disease)",""
0,100,3,"HEME","Uncategorized","Neutropenia",""
0,100,3,"CV","Conduction Disorders / Dysrhythmias","Ventricular Fibrillation",""
0,100,3,"ENDO","Uncategorized","Addison's Disease (Primary Adrenal Insufficiency)",""
0,100,3,"PULM","Uncategorized","Pulmonary Embolism",""
0,100,3,"CV","Hypertension","Malignant Hypertension",""
0,100,3,"HEENT","Uncategorized","Retinal Detachment",""
0,100,3,"MSK","Uncategorized","Slipped Capital Femoral Epiphysis",""
0,100,3,"MSK","Uncategorized","Supracondylar Humerus Fracture",""
0,100,3,"DERM","Uncategorized","Diaper Dermatitis",""
0,100,3,"HEENT","Uncategorized","Vestibular Neuritis",""
0,100,3,"CV","Uncategorized","Endocarditis",""
0,100,3,"HEME","Lipid Disorders","Antiphospholipid Antibody Syndrome",""
0,100,3,"HEME","Uncategorized","Hemophilia B",""
0,100,3,"MSK","Uncategorized","Compartment Syndrome",""
0,100,3,"HEME","Uncategorized","Sickle Cell Disease",""
0,100,3,"HEME","Uncategorized","Disorders of Spleen (Hypersplenism)",""
0,100,3,"CV","Uncategorized","Prinzmetal (Variant) Angina",""
0,100,3,"HEME","Uncategorized","Vitamin K Deficiency Coagulopathy",""
0,100,3,"ENDO","Uncategorized","Klinefelter Syndrome",""
0,100,2,"GU","Valvular Disorders","Urethral Prolapse",""
0,100,3,"HEME","Uncategorized","Immune Thrombocytopenic Purpura (ITP)",""
0,100,3,"HEME","Uncategorized","Iron Deficiency Anemia",""
0,100,3,"RENAL","Uncategorized","Acute Tubular Necrosis",""
0,100,3,"PSYCH","Uncategorized","Persistent (Chronic) Motor or Vocal Tic Disorder",""
0,100,3,"HEME","Uncategorized","Factor V Leiden Mutation",""
0,100,3,"HEME","Uncategorized","Febrile Neutropenia",""
0,100,3,"HEME","Uncategorized","Antithrombin III Deficiency",""
0,100,3,"NEURO","Uncategorized","Tuberous Sclerosis",""
0,100,3,"HEME","Uncategorized","Acute Blood Loss Anemia",""
0,100,3,"HEME","Uncategorized","Acute Hemolytic Transfusion Reaction",""
0,100,3,"ID","Uncategorized","C. difficile Infection",""
0,100,3,"CV","Vascular Disease","Deep Venous Thrombosis (DVT)",""
0,100,3,"HEME","Uncategorized","Beta Thalassemia",""
0,100,3,"HEME","Uncategorized","Mantle Cell Lymphoma",""
0,100,3,"PULM","Infectious Disorders","Pseudomonas Pneumonia",""
0,100,3,"GI","Uncategorized","Acetaminophen Toxicity",""
0,100,3,"HEME","Uncategorized","Prothrombin Gene Mutation",""
0,100,3,"GU","Uncategorized","Paraphimosis",""
0,100,3,"REPRO","Uncategorized","Sudden Infant Death Syndrome (SIDS)",""
0,100,3,"CV","Uncategorized","Acute Coronary Syndrome (ACS)",""
0,100,3,"GU","Uncategorized","Acute Cystitis",""
0,100,3,"MSK","Uncategorized","De Quervain Tenosynovitis",""
0,100,3,"ENDO","Uncategorized","Marfan Syndrome",""
0,100,3,"ENDO","Uncategorized","Paget's Disease of Bone (Endocrine)",""
0,100,3,"HEME","Uncategorized","Sickle Cell Trait",""
0,100,3,"HEME","Uncategorized","Acute Myeloid Leukemia (AML)",""
0,100,3,"MSK","Uncategorized","Drug-Induced Lupus",""
0,100,3,"PSYCH","Uncategorized","Benzodiazepine Intoxication",""
0,100,3,"ENDO","Uncategorized","Diabetic Ketoacidosis (DKA)",""
0,100,3,"HEME","Uncategorized","Thrombotic Thrombocytopenic Purpura (TTP)",""
0,100,3,"HEENT","Uncategorized","Chronic Suppurative Otitis Media",""
0,100,3,"HEME","Uncategorized","Polycythemia Vera",""
0,100,3,"HEME","Uncategorized","Heparin-Induced Thrombocytopenia (HIT)",""
0,100,3,"HEME","Uncategorized","Hereditary Spherocytosis",""
0,100,3,"MSK","Uncategorized","Kawasaki Disease",""
0,100,3,"HEENT","Uncategorized","Croup (Laryngotracheobronchitis)",""
0,100,3,"HEME","Uncategorized","Multiple Myeloma",""
0,100,3,"HEME","Uncategorized","Autoimmune Hemolytic Anemia",""
0,100,3,"RENAL","Uncategorized","Hemolytic Uremic Syndrome (Pediatric Primary)",""
0,100,3,"PSYCH","Uncategorized","Binge-Eating Disorder",""
0,100,3,"MSK","Uncategorized","High Ankle (Syndesmotic) Sprain",""
0,100,3,"HEME","Uncategorized","von Willebrand Disease",""
0,100,3,"HEME","Uncategorized","Drug-Induced Thrombocytopenia",""
0,100,3,"HEME","Uncategorized","Non-Hodgkin Lymphoma",""
0,100,3,"DERM","Uncategorized","Stevens-Johnson Syndrome (SJS)",""
0,100,3,"HEME","Uncategorized","Aplastic Anemia",""
0,100,3,"CV","Congenital Heart Disease","Coarctation of the Aorta",""
0,100,2,"ID","Uncategorized","Chancroid",""
0,100,3,"REPRO","Uncategorized","Uterine Leiomyomas (Fibroids)",""
0,100,3,"ID","Uncategorized","Cytomegalovirus (Systemic)",""
0,100,3,"ID","Uncategorized","Streptococcal Pharyngitis (Strep Throat)",""
0,100,3,"MSK","Uncategorized","Legg-Calvé-Perthes Disease",""
0,100,3,"CV","Vascular Disease","Chronic Venous Insufficiency",""
0,100,3,"DERM","Uncategorized","Lichen Planus",""
0,100,3,"ID","Uncategorized","Vibrio (Cholera / Parahemolyticus)",""
0,100,3,"GU","Uncategorized","Hypospadias",""
0,100,3,"RENAL","Uncategorized","Nephrotic Syndrome",""
0,100,3,"DERM","Uncategorized","Squamous Cell Carcinoma",""
0,100,3,"ID","Uncategorized","Botulism",""
0,100,3,"MSK","Uncategorized","Sjögren Syndrome",""
0,100,3,"CV","Uncategorized","High Altitude Illness",""
0,100,3,"CV","Valvular Disorders","Aortic Regurgitation",""
0,100,2,"DERM","Uncategorized","Erythrodermic Psoriasis",""
0,100,3,"DERM","Uncategorized","Epidermal Inclusion Cyst",""
0,100,3,"GI","Uncategorized","Esophageal Ring",""
0,100,3,"GI","Uncategorized","Anal Fissure",""
0,100,3,"GI","Uncategorized","Irritable Bowel Syndrome",""
0,100,3,"ID","Uncategorized","Rubella",""
0,100,2,"CV","Uncategorized","High-Output Heart Failure",""
0,100,3,"ID","Uncategorized","Necrotizing Fasciitis",""
0,100,3,"MSK","Uncategorized","Medial Meniscus Tear",""
0,100,3,"ID","Uncategorized","Hand-Foot-and-Mouth Disease",""
0,100,3,"ID","Uncategorized","Rocky Mountain Spotted Fever",""
0,100,3,"ID","Uncategorized","Toxoplasmosis",""
0,100,3,"ID","Uncategorized","Lyme Disease",""
0,100,3,"HEENT","Uncategorized","Presbycusis",""
0,100,3,"ID","Uncategorized","Genital Herpes (HSV-2)",""
0,100,3,"ID","Uncategorized","Salmonella",""
0,100,3,"ID","Uncategorized","Tuberculosis (Active)",""
0,100,3,"HEENT","Uncategorized","Deviated Nasal Septum",""
0,100,3,"ENDO","Uncategorized","Type 2 Diabetes Mellitus",""
0,100,3,"ID","Uncategorized","Scarlet Fever",""
0,100,3,"ID","Uncategorized","HPV Infection / Genital Warts",""
0,100,3,"ID","Uncategorized","Cestode Infection",""
0,100,3,"ID","Infectious Disorders","Pneumocystis jirovecii Pneumonia (PCP)",""
0,100,3,"ID","Uncategorized","Prion Diseases (e.g., Creutzfeldt-Jakob Disease)",""
0,100,2,"ID","Uncategorized","Leptospirosis",""
0,100,3,"ID","Uncategorized","Pinworm",""
0,100,3,"ID","Uncategorized","Cryptococcosis",""
0,100,3,"MSK","Uncategorized","Osteopenia",""
0,100,3,"MSK","Uncategorized","Quadriceps Tendon Rupture",""
0,100,3,"MSK","Vascular Disease","Polyarteritis Nodosa",""
0,100,3,"MSK","Uncategorized","Lateral Collateral Ligament (LCL) Injury",""
0,100,3,"PULM","Obstructive Pulmonary Diseases","Asthma",""
0,100,3,"MSK","Uncategorized","Ewing Sarcoma",""
0,100,3,"MSK","Uncategorized","Scoliosis",""
0,100,3,"MSK","Uncategorized","Ganglion Cyst",""
0,100,3,"MSK","Uncategorized","Boxer Fracture (5th Metacarpal Neck)",""
0,100,3,"MSK","Uncategorized","Medial Collateral Ligament (MCL) Injury",""
0,100,3,"MSK","Uncategorized","Gamekeeper/Skier Thumb (UCL Injury)",""
0,100,3,"MSK","Uncategorized","Ankylosing Spondylitis",""
0,100,3,"MSK","Uncategorized","Osteosarcoma",""
0,100,3,"MSK","Uncategorized","Radial Head Fracture",""
0,100,3,"MSK","Uncategorized","Rotator Cuff Tendinopathy",""
0,100,3,"MSK","Uncategorized","Prosthetic Joint Infection",""
0,100,3,"MSK","Uncategorized","Fibromyalgia",""
0,100,3,"MSK","Uncategorized","Dermatomyositis",""
0,100,3,"MSK","Uncategorized","Enteropathic Arthritis",""
0,100,3,"MSK","Uncategorized","Maisonneuve Fracture",""
0,100,3,"MSK","Uncategorized","Osteoarthritis",""
0,100,3,"MSK","Uncategorized","Nursemaid Elbow (Radial Head Subluxation)",""
0,100,3,"MSK","Uncategorized","Colles Fracture",""
0,100,3,"MSK","Uncategorized","Polymyositis",""
0,100,3,"MSK","Uncategorized","Septic Bursitis",""
0,100,3,"MSK","Uncategorized","Granulomatosis with Polyangiitis (Wegener)",""
0,100,3,"NEURO","Seizure Disorders","Absence Seizure",""
0,100,3,"NEURO","Headaches","Cluster Headache",""
0,100,3,"MSK","Uncategorized","Femoral Shaft Fracture",""
0,100,3,"NEURO","Seizure Disorders","Febrile Seizures (Pediatric)",""
0,100,3,"NEURO","Cerebrovascular Disorders","Lewy Body Dementia",""
0,100,3,"MSK","Uncategorized","Anterior Shoulder Dislocation",""
0,100,3,"NEURO","Seizure Disorders","Pseudoseizures (Psychogenic Non-Epileptic Seizures - PNES)",""
0,100,3,"NEURO","Uncategorized","Alzheimer's Disease",""
0,100,3,"MSK","Uncategorized","Posterior Cruciate Ligament (PCL) Injury",""
0,100,3,"NEURO","Uncategorized","Complex Regional Pain Syndrome (CRPS)",""
0,100,3,"NEURO","Uncategorized","Meralgia Paresthetica",""
0,100,3,"NEURO","Uncategorized","Multiple Sclerosis",""
0,100,3,"NEURO","Uncategorized","Neurofibromatosis Type 1",""
0,100,3,"NEURO","Uncategorized","Subarachnoid Hemorrhage",""
0,100,3,"NEURO","Uncategorized","Transverse Myelitis",""
0,100,3,"NEURO","Uncategorized","Median Nerve Palsy",""
0,100,3,"NEURO","Uncategorized","Restless Legs Syndrome",""
0,100,3,"NEURO","Uncategorized","Syncope",""
0,100,3,"NEURO","Uncategorized","Encephalitis",""
0,100,3,"NEURO","Cerebrovascular Disorders","Vascular Dementia",""
0,100,3,"NEURO","Cerebrovascular Disorders","Frontotemporal Dementia",""
0,100,3,"NEURO","Uncategorized","Epidural Hematoma",""
0,100,3,"NEURO","Uncategorized","Guillain-Barré Syndrome",""
0,100,3,"NEURO","Uncategorized","Huntington Disease",""
0,100,3,"NEURO","Uncategorized","Subdural Hematoma",""
0,100,3,"NEURO","Uncategorized","Muscular Dystrophy (Duchenne/Becker)",""
0,100,3,"NEURO","Uncategorized","Peroneal Nerve Palsy",""
0,100,3,"NEURO","Uncategorized","Upper Motor Neuron Lesion",""
0,100,3,"NEURO","Uncategorized","Peripheral Polyneuropathy",""
0,100,3,"NEURO","Uncategorized","Spinal Stenosis – Neurologic Manifestations",""
0,100,3,"NEURO","Seizure Disorders","Generalized Tonic-Clonic Seizure",""
0,100,3,"NEURO","Uncategorized","Ulnar Nerve Palsy",""
0,100,3,"REPRO","Uncategorized","Anembryonic Pregnancy",""
0,100,3,"PSYCH","Uncategorized","Delirium",""
0,100,3,"PSYCH","Uncategorized","Grief Reaction",""
0,100,3,"PSYCH","Uncategorized","Major Neurocognitive Disorder (Dementia)",""
0,100,3,"PSYCH","Uncategorized","Malingering",""
0,100,3,"PSYCH","Depressive Disorders","Persistent Depressive Disorder (Dysthymia)",""
0,100,2,"PSYCH","Uncategorized","Intermittent Explosive Disorder",""
0,100,3,"PSYCH","Anxiety Disorders","Separation Anxiety Disorder",""
0,100,3,"PSYCH","Uncategorized","Alcohol Withdrawal",""
0,100,3,"PSYCH","Uncategorized","Autism Spectrum Disorder",""
0,100,2,"PSYCH","Uncategorized","Hypersomnolence Disorder",""
0,100,2,"PSYCH","Uncategorized","Excoriation (Skin-Picking) Disorder",""
0,100,3,"PSYCH","Uncategorized","Schizophreniform Disorder",""
0,100,3,"PSYCH","Uncategorized","Cannabis Intoxication",""
0,100,3,"PSYCH","Uncategorized","Tourette Syndrome",""
0,100,3,"PSYCH","Uncategorized","Opioid Withdrawal",""
0,100,3,"PSYCH","Psychotic Disorders","Brief Psychotic Disorder",""
0,100,3,"PSYCH","Uncategorized","Psychogenic Nonepileptic Seizure",""
0,100,3,"PSYCH","Uncategorized","Conversion Disorder (Functional Neurological Symptom Disorder)",""
0,100,3,"PSYCH","Eating Disorders","Binge Eating Disorder",""
0,100,3,"PSYCH","Uncategorized","Hallucinogen Use Disorder",""
0,100,2,"PSYCH","Uncategorized","Selective Mutism",""
0,100,3,"PSYCH","Uncategorized","Avoidant Personality Disorder",""
0,100,2,"PSYCH","Uncategorized","Avoidant/Restrictive Food Intake Disorder (ARFID)",""
0,100,3,"PSYCH","Uncategorized","Opioid Intoxication",""
0,100,3,"PSYCH","Uncategorized","Schizophrenia",""
0,100,3,"PSYCH","Uncategorized","Antisocial Personality Disorder",""
0,100,2,"PSYCH","Uncategorized","Reactive Attachment Disorder",""
0,100,2,"PSYCH","Uncategorized","Kleptomania",""
0,100,3,"PSYCH","Uncategorized","Schizotypal Personality Disorder",""
0,100,3,"PULM","Uncategorized","Alpha-1 Antitrypsin Deficiency",""
0,100,3,"PULM","Infectious Disorders","Aspiration Pneumonia",""
0,100,3,"PULM","Infectious Disorders","Community-Acquired Pneumonia",""
0,100,3,"PULM","Obstructive Pulmonary Diseases","Emphysema",""
0,100,3,"PULM","Infectious Disorders","Klebsiella Pneumonia",""
0,100,3,"PULM","Obstructive Pulmonary Diseases","Obstructive Sleep Apnea (OSA)",""
0,100,3,"PULM","Infectious Disorders","Streptococcal Pneumonia",""
0,100,3,"PULM","Infectious Disorders","Viral Pneumonia",""
0,100,3,"PULM","Uncategorized","Hemothorax",""
0,100,3,"PULM","Uncategorized","Pleural Effusion",""
0,100,3,"PULM","Uncategorized","Small Cell Lung Cancer",""
0,100,3,"RENAL","Uncategorized","Acute Glomerulonephritis",""
0,100,2,"RENAL","Uncategorized","Angiomyolipoma",""
0,100,3,"RENAL","Uncategorized","Chronic Interstitial Nephritis",""
0,100,3,"RENAL","Uncategorized","Contrast-Induced Nephropathy",""
0,100,3,"RENAL","Uncategorized","Diabetic Nephropathy",""
0,100,3,"RENAL","Uncategorized","Hyperkalemia (Renal Causes)",""
0,100,3,"RENAL","Uncategorized","Hypernatremia (Renal Causes)",""
0,100,3,"RENAL","Valvular Disorders","Renal Artery Stenosis",""
0,100,3,"RENAL","Uncategorized","Metabolic Acidosis (Renal Causes)",""
0,100,3,"NEURO","Uncategorized","Intracerebral Hemorrhage",""
0,100,3,"RENAL","Uncategorized","Nephrolithiasis (General Evaluation)",""
0,100,3,"RENAL","Hypertension","Hypertensive Emergency with Renal Injury",""
0,100,3,"RENAL","Uncategorized","Anti-GBM Disease (Goodpasture)",""
0,100,3,"REPRO","Uncategorized","Abnormal Uterine Bleeding (AUB)",""
0,100,3,"REPRO","Infectious Diseases","Bartholin's Cyst / Abscess",""
0,100,3,"REPRO","Uncategorized","Breast Fibroadenoma",""
0,100,3,"REPRO","Uncategorized","Eclampsia",""
0,100,3,"REPRO","Uncategorized","Fetal Macrosomia",""
0,100,3,"REPRO","Uncategorized","Hyperprolactinemia (Reproductive Effects)",""
0,100,3,"REPRO","Uncategorized","Incompetent Cervix",""
0,100,3,"REPRO","Valvular Disorders","Pelvic Organ Prolapse (Cystocele, Rectocele, Uterine Prolapse)",""
0,100,3,"REPRO","Depressive Disorders","Postpartum Depression",""
0,100,3,"REPRO","Uncategorized","Postpartum Endometritis",""
0,100,3,"REPRO","Uncategorized","Premature Ovarian Insufficiency",""
0,100,3,"REPRO","Uncategorized","Shoulder Dystocia",""
0,100,3,"REPRO","Uncategorized","Urinary Incontinence (Stress, Urge, Overflow)",""
0,100,3,"REPRO","Uncategorized","Endometrial (Uterine) Cancer",""
0,100,3,"REPRO","Infectious Diseases","Tubo-Ovarian Abscess",""
0,100,3,"REPRO","Uncategorized","Male Infertility (Sperm Abnormalities)",""
0,100,3,"REPRO","Uncategorized","Endometriosis",""
0,100,3,"REPRO","Uncategorized","Inevitable / Incomplete / Complete Abortion",""
0,100,3,"REPRO","Uncategorized","Preterm Premature Rupture of Membranes (PPROM)",""
0,100,3,"REPRO","Uncategorized","Primary Amenorrhea",""
0,100,3,"REPRO","Uncategorized","Galactorrhea",""
0,100,3,"REPRO","Uncategorized","Gonococcal Cervicitis",""
0,100,3,"REPRO","Uncategorized","Premature Rupture of Membranes (PROM)",""
0,100,3,"REPRO","Uncategorized","Female Infertility – Anovulation",""
0,100,3,"REPRO","Uncategorized","Severe Preeclampsia",""
0,100,2,"REPRO","Uncategorized","Vulvar Cancer",""
0,100,3,"REPRO","Uncategorized","Fibrocystic Breast Changes",""
0,100,3,"REPRO","Hypertension","Gestational Hypertension",""
0,100,3,"REPRO","Uncategorized","Lichen Sclerosus",""
0,100,3,"REPRO","Uncategorized","Vulvodynia",""
0,100,3,"REPRO","Uncategorized","Dysmenorrhea",""
0,100,3,"REPRO","Uncategorized","Hyperemesis Gravidarum",""
0,100,3,"REPRO","Uncategorized","Ovarian Cancer",""
0,100,3,"REPRO","Uncategorized","Polycystic Ovary Syndrome (PCOS)",""
0,100,3,"REPRO","Uncategorized","Preeclampsia",""
0,100,3,"REPRO","Uncategorized","Preterm Labor",""
0,100,3,"REPRO","Uncategorized","Male Factor Infertility",""
0,100,3,"REPRO","Uncategorized","Mastitis",""
0,100,2,"REPRO","Uncategorized","Vaginal Cancer",""
0,100,3,"REPRO","Uncategorized","Meconium Aspiration",""
0,100,3,"REPRO","Uncategorized","Necrotizing Enterocolitis",""
0,100,3,"DERM","Uncategorized","Cutaneous Candidiasis",""
0,100,3,"REPRO","Uncategorized","Gestational Diabetes Mellitus",""
0,100,3,"MSK","Uncategorized","Clavicle Fracture",""
0,100,3,"DERM","Uncategorized","Henoch-Schönlein Purpura (IgA Vasculitis) – Cutaneous Findings",""
0,100,3,"DERM","Uncategorized","Bullous Pemphigoid",""
0,100,3,"MSK","Uncategorized","Osteochondritis Dissecans",""
0,100,3,"DERM","Uncategorized","Telogen Effluvium",""
0,100,3,"GI","Uncategorized","Gastritis",""
0,100,3,"GI","Uncategorized","Beriberi",""
0,100,3,"GI","Uncategorized","Fecal Impaction",""
0,100,3,"HEME","Uncategorized","Folate Deficiency Anemia",""
0,100,3,"PULM","Uncategorized","Acute Epiglottitis",""
0,100,3,"PULM","Infectious Disorders","Pneumocystis jirovecii Pneumonia (PJP)",""
0,100,3,"MSK","Uncategorized","Proximal Biceps Tendon Rupture",""
0,100,3,"RENAL","Uncategorized","Uric Acid Stones",""
0,100,3,"MSK","Uncategorized","Medial Epicondylitis (Golfer Elbow)",""
0,100,3,"MSK","Uncategorized","Iliotibial Band Syndrome",""
0,100,3,"MSK","Uncategorized","Dupuytren Contracture",""
0,100,3,"MSK","Uncategorized","Adhesive Capsulitis",""
0,100,3,"PSYCH","Uncategorized","Adjustment Disorder",""
0,100,3,"MSK","Uncategorized","Lateral Ankle Sprain",""
0,100,3,"MSK","Uncategorized","Osteoporosis",""
0,100,3,"MSK","Uncategorized","Osteomyelitis",""
0,100,3,"MSK","Uncategorized","Tibial Plateau Fracture",""
0,100,3,"MSK","Uncategorized","Posterior Shoulder Dislocation",""
0,100,3,"CV","Cardiomyopathy","Dilated Cardiomyopathy",""
0,100,3,"ID","Uncategorized","Fifth Disease",""
0,100,3,"ID","Uncategorized","Lice (Pediculosis)",""
0,100,3,"ID","Uncategorized","COVID-19",""
0,100,3,"ID","Uncategorized","Herpes Zoster (Shingles)",""
0,100,3,"PULM","Uncategorized","Cystic Fibrosis",""
0,100,3,"NEURO","Uncategorized","Lyme Neuroborreliosis",""
0,100,3,"NEURO","Uncategorized","Cervical Radiculopathy",""
0,100,3,"NEURO","Movement Disorders","Dystonia",""
0,100,3,"NEURO","Uncategorized","Amyotrophic Lateral Sclerosis (ALS)",""
0,100,3,"NEURO","Uncategorized","Cauda Equina Syndrome",""
0,100,3,"NEURO","Uncategorized","Diffuse Axonal Injury",""
0,100,3,"NEURO","Headaches","Medication Overuse (Rebound) Headache",""
0,100,3,"NEURO","Uncategorized","Basilar Skull Fracture",""
0,100,3,"NEURO","Uncategorized","Normal Pressure Hydrocephalus (NPH)",""
0,100,3,"NEURO","Cerebrovascular Disorders","Essential Tremor",""
0,100,3,"RENAL","Uncategorized","Metabolic Alkalosis (Renal Causes)",""
0,100,3,"NEURO","Uncategorized","Cerebral Palsy",""
0,100,3,"NEURO","Uncategorized","Lambert-Eaton Myasthenic Syndrome",""
0,100,3,"NEURO","Seizure Disorders","Status Epilepticus",""
0,100,3,"NEURO","Uncategorized","Posterior Column Disease",""
0,100,3,"NEURO","Uncategorized","Radial Nerve Palsy",""
0,100,3,"NEURO","Uncategorized","Lumbar Radiculopathy (Sciatica)",""
0,100,3,"NEURO","Uncategorized","Spinal Cord Compression",""
0,100,2,"NEURO","Uncategorized","Cerebral Venous Sinus Thrombosis",""
0,100,3,"NEURO","Uncategorized","Bacterial Meningitis",""
0,100,3,"NEURO","Uncategorized","Ulnar Neuropathy",""
0,100,3,"NEURO","Uncategorized","Hydrocephalus (Pediatric)",""
0,100,3,"NEURO","Uncategorized","Increased Intracranial Pressure",""
0,100,3,"NEURO","Uncategorized","Viral Meningitis",""
0,100,3,"NEURO","Uncategorized","Diabetic Peripheral Neuropathy – Neurologic Manifestations",""
0,100,3,"NEURO","Uncategorized","Myasthenic Crisis",""
0,100,3,"PSYCH","Uncategorized","Bipolar II Disorder",""
0,100,3,"PSYCH","Uncategorized","Schizoaffective Disorder",""
0,100,3,"PSYCH","Uncategorized","Benzodiazepine Withdrawal",""
0,100,3,"PSYCH","Uncategorized","Alcohol Intoxication",""
0,100,3,"PSYCH","Uncategorized","Factitious Disorder Imposed on Self",""
0,100,3,"PSYCH","Uncategorized","Neuroleptic Malignant Syndrome",""
0,100,3,"PSYCH","Uncategorized","Oppositional Defiant Disorder",""
0,100,3,"PSYCH","Uncategorized","Mania",""
0,100,3,"PSYCH","Uncategorized","Anorexia Nervosa",""
0,100,3,"PSYCH","Uncategorized","Narcolepsy",""
0,100,3,"PULM","Uncategorized","Tuberculosis",""
0,100,3,"PSYCH","Uncategorized","Wernicke–Korsakoff Syndrome",""
0,100,2,"PSYCH","Uncategorized","Histrionic Personality Disorder",""
0,100,3,"PSYCH","Uncategorized","Parasomnias (Nightmares, Night Terrors, Sleepwalking)",""
0,100,3,"PSYCH","Uncategorized","Dependent Personality Disorder",""
0,100,3,"PSYCH","Uncategorized","Barbiturate Withdrawal",""
0,100,3,"PSYCH","Uncategorized","Factitious Disorder Imposed on Another",""
0,100,3,"PSYCH","Uncategorized","Delirium Tremens",""
0,100,3,"PSYCH","Uncategorized","Stimulant Intoxication",""
0,100,3,"PSYCH","Uncategorized","Borderline Personality Disorder",""
0,100,3,"PSYCH","Uncategorized","Hoarding Disorder",""
0,100,3,"PSYCH","Uncategorized","Specific Learning Disorder",""
0,100,3,"PSYCH","Uncategorized","Hallucinogen Intoxication",""
0,100,3,"PSYCH","Uncategorized","Schizoid Personality Disorder",""
0,100,3,"PSYCH","Uncategorized","Insomnia Disorder",""
0,100,3,"PULM","Uncategorized","Bronchiectasis",""
0,100,3,"PSYCH","Uncategorized","Abuse and Neglect",""
0,100,3,"PULM","Uncategorized","Acute Respiratory Distress Syndrome (ARDS)",""
0,100,3,"PULM","Uncategorized","Foreign Body Aspiration",""
0,100,3,"CV","Uncategorized","Electrical Injuries",""
0,100,3,"PULM","Uncategorized","Occupational Lung Disease",""
0,100,3,"PULM","Uncategorized","Sarcoidosis",""
0,100,3,"PULM","Uncategorized","Empyema",""
0,100,3,"RENAL","Uncategorized","Acute Kidney Injury in Shock States",""
0,100,3,"RENAL","Uncategorized","Renal Cell Carcinoma",""
0,100,2,"RENAL","Uncategorized","Medullary Sponge Kidney",""
0,100,3,"RENAL","Uncategorized","Struvite Stones",""
0,100,3,"RENAL","Uncategorized","End-Stage Renal Disease",""
0,100,3,"RENAL","Uncategorized","Rhabdomyolysis – Renal Complications",""
0,100,3,"RENAL","Uncategorized","Cystine Stones",""
0,100,3,"RENAL","Uncategorized","Post-Streptococcal Glomerulonephritis",""
0,100,3,"RENAL","Uncategorized","IgA Nephropathy",""
0,100,3,"RENAL","Uncategorized","Multiple Myeloma Kidney",""
0,100,3,"RENAL","Uncategorized","Chronic Pyelonephritis",""
0,100,3,"RENAL","Uncategorized","Renal Tubular Acidosis Type I (Distal)",""
0,100,3,"RENAL","Uncategorized","Calcium Oxalate Stones",""
0,100,3,"RENAL","Uncategorized","Pyelonephritis",""
0,100,3,"RENAL","Uncategorized","Analgesic Nephropathy",""
0,100,3,"RENAL","Uncategorized","Hypokalemia (Renal Causes)",""
0,100,3,"REPRO","Uncategorized","Gestational Trophoblastic Disease (Molar Pregnancy)",""
0,100,3,"REPRO","Uncategorized","Placenta Accreta Spectrum",""
0,100,3,"REPRO","Uncategorized","Mittelschmerz",""
0,100,3,"REPRO","Uncategorized","Premenstrual Dysphoric Disorder (PMDD)",""
0,100,3,"REPRO","Uncategorized","Contraception Methods",""
0,100,3,"REPRO","Uncategorized","Ectopic Pregnancy",""
0,100,3,"REPRO","Uncategorized","Hydatidiform Mole",""
0,100,3,"REPRO","Uncategorized","Cervical Dysplasia (LSIL/HSIL)",""
0,100,3,"REPRO","Uncategorized","Adenomyosis",""
0,100,3,"REPRO","Uncategorized","Trichomoniasis",""
0,100,3,"REPRO","Uncategorized","Bacterial Vaginosis",""
0,100,3,"REPRO","Uncategorized","Pelvic Inflammatory Disease (PID)",""
0,100,3,"REPRO","Uncategorized","Placenta Previa",""
0,100,3,"REPRO","Uncategorized","Post-term Pregnancy",""
0,100,3,"REPRO","Uncategorized","Secondary Amenorrhea",""
0,100,3,"REPRO","Uncategorized","Acute Pelvic Pain – Ovarian Torsion",""
0,100,3,"REPRO","Uncategorized","Sexual Assault / Trauma",""
0,100,3,"REPRO","Uncategorized","Intrauterine Growth Restriction (IUGR)",""
0,100,3,"REPRO","Uncategorized","Postpartum Hemorrhage",""
0,100,3,"REPRO","Uncategorized","Polymenorrhea",""
0,100,3,"REPRO","Uncategorized","Threatened Abortion",""
0,100,3,"REPRO","Uncategorized","Chorioamnionitis",""
0,100,3,"REPRO","Uncategorized","Lichen Simplex Chronicus (Vulvar)",""
0,100,3,"REPRO","Uncategorized","Chronic Pelvic Pain",""
0,100,3,"ENDO","Uncategorized","Prader-Willi Syndrome",""
0,100,3,"REPRO","Uncategorized","Chlamydial Cervicitis",""
0,100,3,"ENDO","Uncategorized","DiGeorge Syndrome",""
0,100,3,"REPRO","Uncategorized","Hyaline Membrane Disease",""
0,100,3,"GI","Uncategorized","Encopresis",""
0,100,3,"HEME","Uncategorized","Anaphylaxis",""
0,100,3,"GI","Uncategorized","Hirschsprung’s Disease",""
0,100,3,"ENDO","Uncategorized","Generalized Weakness",""
0,100,3,"MSK","Uncategorized","Osteogenesis Imperfecta",""